0,0,4pcO8RzYeQ9pGQ4q0IKNYU/xC5g=,sG/HZk49Z/xdHJtEx922r/Vthxg=
1,0,hOO6LFpdXvW6eiN1eR8ebkEdCTI=,ntxy+mwMpkuVkjFhWTbqDRfEAKQ=
2,0,jeY7NdgMujIC6V3ENe5ZkkjmZLk=,VblRL7Lc9L1ZrCpoki6zYz+Zk8A=
3,0,1ewwDuS/OKQSz9MwfbNc5KmLew8=,bAwObivTz0kMEWqO2tSluSj0SG0=
0,1,m2zSSr0LSnY2T0X88tImmC6in14=,dbGA6r+pfDaQJyZdmtpTe23lfFA=
2,1,w98e0ZNrvgrdxOxXvpX/fRmbAM8=,KQd10FDzV1OuzkVR6HE+i8XXs/k=
3,1,/S2IPZRKd4VWKOOaMQd21a4DtSA=,j9LLPyWoan+8mBpWK39tdj6KQRI=
4,1,c+Gym7Pyt4Q4sylrSTW8MIAG1Hg=,654buQc4eLhZIEqJ6McF7fKftBo=
0,2,m2zSSr0LSnY2T0X88tImmC6in14=,IYPOI1Da0N4E2T84ozq6aJ6/xE0=
1,2,hOO6LFpdXvW6eiN1eR8ebkEdCTI=,ntxy+mwMpkuVkjFhWTbqDRfEAKQ=
2,2,AgviTwHYkc8zz0fOZSp3jKC1B7c=,UT97TO1OIMNytWFCKu0onzvaPLQ=
0,3,BFDYpbr8nnL3cxPem/XpW/T5H2g=,IYPOI1Da0N4E2T84ozq6aJ6/xE0=
1,3,AgviTwHYkc8zz0fOZSp3jKC1B7c=,GFsipeDOrZR7GotSFccyYIkFf2Y=
2,3,AgviTwHYkc8zz0fOZSp3jKC1B7c=,G2y4URYQIAe08F5dz7r1VLYX8bE=
3,3,Ww4k/4uqVmQ2EGTYvPJ6GFwcYhg=,cZ8RspQEbQ8H3/wAAKXNs8+/VyE=
4,3,BFDYpbr8nnL3cxPem/XpW/T5H2g=,cVGqmRI0fcx1BoWaNt0PhA5XuSY=
5,3,BFDYpbr8nnL3cxPem/XpW/T5H2g=,WmxXoFK4SX7gInTy5cwPHk0xKrI=
0,4,BFDYpbr8nnL3cxPem/XpW/T5H2g=,Zxf1ADrNdq7wDKgYKfQPFj1SNwM=
1,4,BFDYpbr8nnL3cxPem/XpW/T5H2g=,uPXO4+1Ls/lEqAuw4nwUSSkDMcw=
2,4,BFDYpbr8nnL3cxPem/XpW/T5H2g=,atNuqD3TkX1feg/ilDZRjn6qeqU=
3,4,BFDYpbr8nnL3cxPem/XpW/T5H2g=,uA/4UNYX8r/yUPeAlmGmZkUfcBo=
4,4,BFDYpbr8nnL3cxPem/XpW/T5H2g=,RcC5wJ9AbCSdMUkFYY3xPrnAKzI=
5,4,BFDYpbr8nnL3cxPem/XpW/T5H2g=,FK1JejR8WfHR40I0FYsAvvSsNIA=
0,5,BFDYpbr8nnL3cxPem/XpW/T5H2g=,mjASaaJmNT8qNkHgXni+7ZG5xHg=
1,5,BFDYpbr8nnL3cxPem/XpW/T5H2g=,9lUPUt1crWKXPvWfULzWm4ZDXGg=
2,5,BFDYpbr8nnL3cxPem/XpW/T5H2g=,kzOc3abrTI49Ub41hpFHHZ6z3vU=
3,5,BFDYpbr8nnL3cxPem/XpW/T5H2g=,kzOc3abrTI49Ub41hpFHHZ6z3vU=
4,5,BFDYpbr8nnL3cxPem/XpW/T5H2g=,kzOc3abrTI49Ub41hpFHHZ6z3vU=
5,5,BFDYpbr8nnL3cxPem/XpW/T5H2g=,kzOc3abrTI49Ub41hpFHHZ6z3vU=
1,1,YwAfLfH0j/lot9Xtw+mmDAuqrTo=,NEROiVhkrQZdOgBmc4fYQE6rb2o=
5,6,L//GXFd4iTY4RwG7dSfdkGxSlRw=,NmWJhgDCiLQ9tKKK4fUEAGAZJWM=
6,6,AgviTwHYkc8zz0fOZSp3jKC1B7c=,UT97TO1OIMNytWFCKu0onzvaPLQ=
5,7,qdH1QMK22XP6+o5U8D/Sc6xbD+0=,UGt1ZggS0q54pL9eZklAtjyaAOE=
6,7,AgviTwHYkc8zz0fOZSp3jKC1B7c=,UT97TO1OIMNytWFCKu0onzvaPLQ=
2,8,AgviTwHYkc8zz0fOZSp3jKC1B7c=,bGyNCagVfqXqWbY4vKV17YSuJPU=
3,8,PT6syA58CSnwKb1c2uCz5cAUICI=,O9AfooA8qcz+4HjxjSWg9EbrZi4=
2,9,AgviTwHYkc8zz0fOZSp3jKC1B7c=,bGyNCagVfqXqWbY4vKV17YSuJPU=
3,9,AgviTwHYkc8zz0fOZSp3jKC1B7c=,bGyNCagVfqXqWbY4vKV17YSuJPU=
7,0,BxKi/gJbq+M8GvkHnHusrI1rkyk=,eCg/GS/6f61IQ1rvPejVdD9R8AU=
8,0,AgviTwHYkc8zz0fOZSp3jKC1B7c=,bGyNCagVfqXqWbY4vKV17YSuJPU=
7,1,kC41y6XIHNgFTGd0MVti8k29zLc=,DZKPcVdGmTuT1hELywcczZZ+/1w=
8,1,AgviTwHYkc8zz0fOZSp3jKC1B7c=,bGyNCagVfqXqWbY4vKV17YSuJPU=
4,0,AgviTwHYkc8zz0fOZSp3jKC1B7c=,UT97TO1OIMNytWFCKu0onzvaPLQ=
5,0,kC41y6XIHNgFTGd0MVti8k29zLc=,wbFytOrUwxFdNLLPy1iwQR+D8GM=
5,1,AgviTwHYkc8zz0fOZSp3jKC1B7c=,UT97TO1OIMNytWFCKu0onzvaPLQ=
7,3,FGevzM6ke3ayuYap3bWLuL6ijlw=,/hpS50CjYWBEGNqkR4cSPNxk+cg=
8,3,AgviTwHYkc8zz0fOZSp3jKC1B7c=,bGyNCagVfqXqWbY4vKV17YSuJPU=
4,6,L//GXFd4iTY4RwG7dSfdkGxSlRw=,NmWJhgDCiLQ9tKKK4fUEAGAZJWM=
7,4,YwAfLfH0j/lot9Xtw+mmDAuqrTo=,NEROiVhkrQZdOgBmc4fYQE6rb2o=
7,5,v+7y+IO5nvmEJQo9fnOHxpf8TZs=,EuFRQkLe3gQzNgNI9MXlaXCq91c=
6,9,YdXaW+Lr67jNNy6kMgh5YxAIhW4=,D4sQxWpaoRLnc00NZc6Uxx1OmPc=
7,9,YdXaW+Lr67jNNy6kMgh5YxAIhW4=,D4sQxWpaoRLnc00NZc6Uxx1OmPc=
6,10,YdXaW+Lr67jNNy6kMgh5YxAIhW4=,D4sQxWpaoRLnc00NZc6Uxx1OmPc=
7,10,YdXaW+Lr67jNNy6kMgh5YxAIhW4=,D4sQxWpaoRLnc00NZc6Uxx1OmPc=
10,2,ivy7muW4Lr81YfgLGyqnwWAIWbA=,jfvzQRDjlFFKXX4m8Z1akADra2k=
11,2,ivy7muW4Lr81YfgLGyqnwWAIWbA=,jfvzQRDjlFFKXX4m8Z1akADra2k=
10,3,ivy7muW4Lr81YfgLGyqnwWAIWbA=,jfvzQRDjlFFKXX4m8Z1akADra2k=
11,3,ivy7muW4Lr81YfgLGyqnwWAIWbA=,jfvzQRDjlFFKXX4m8Z1akADra2k=
7,7,8cKBGoixsgr3GbtFNnPotdseCTQ=,DuVdI6cf9fZsHGlh82lXKlscW7A=
8,7,8cKBGoixsgr3GbtFNnPotdseCTQ=,hooxItKKjXqkDoP1YlFhTX5lNfI=
7,8,8cKBGoixsgr3GbtFNnPotdseCTQ=,hooxItKKjXqkDoP1YlFhTX5lNfI=
8,8,8cKBGoixsgr3GbtFNnPotdseCTQ=,hooxItKKjXqkDoP1YlFhTX5lNfI=
6,0,7shSVN7bnmWUPJdImSe12PV0BFA=,/QHLoIL92W4cPUYSTCC13jhGS8M=
6,4,BFDYpbr8nnL3cxPem/XpW/T5H2g=,6ahwaKvuLfFdd38vRbkp3soVhyc=
6,5,BFDYpbr8nnL3cxPem/XpW/T5H2g=,hTA5qir9Kwlx6nCM3X5X2GpZnSk=
6,3,BFDYpbr8nnL3cxPem/XpW/T5H2g=,bBFQlhC0yZpveZUzBmAlsP6ekhc=
