-18,0,PBVi1W/sJ3moMR2qQijC4XcRgrI=,NtDn4aAH+MYyuILDNYSX1wCTs00=
-17,0,PBVi1W/sJ3moMR2qQijC4XcRgrI=,NtDn4aAH+MYyuILDNYSX1wCTs00=
-26,1,GFoYUxSa24zkPDbVDlvBe53yF/M=,2n8wjVtvsIajYsUhD3WBLpMwpuI=
-26,2,GFoYUxSa24zkPDbVDlvBe53yF/M=,2n8wjVtvsIajYsUhD3WBLpMwpuI=
-23,2,QOEFB85Fs2/mH4NKlXhKdoA7sRg=,34CgwGGtyIgnnlXKT9ZPFF1jcIo=
-25,2,GFoYUxSa24zkPDbVDlvBe53yF/M=,2n8wjVtvsIajYsUhD3WBLpMwpuI=
-23,1,GFoYUxSa24zkPDbVDlvBe53yF/M=,2n8wjVtvsIajYsUhD3WBLpMwpuI=
-24,1,GFoYUxSa24zkPDbVDlvBe53yF/M=,2n8wjVtvsIajYsUhD3WBLpMwpuI=
-23,0,GFoYUxSa24zkPDbVDlvBe53yF/M=,2n8wjVtvsIajYsUhD3WBLpMwpuI=
-24,0,GFoYUxSa24zkPDbVDlvBe53yF/M=,2n8wjVtvsIajYsUhD3WBLpMwpuI=
-25,1,GFoYUxSa24zkPDbVDlvBe53yF/M=,2n8wjVtvsIajYsUhD3WBLpMwpuI=
-25,0,GFoYUxSa24zkPDbVDlvBe53yF/M=,2n8wjVtvsIajYsUhD3WBLpMwpuI=
-17,1,PBVi1W/sJ3moMR2qQijC4XcRgrI=,NtDn4aAH+MYyuILDNYSX1wCTs00=
-24,2,QOEFB85Fs2/mH4NKlXhKdoA7sRg=,34CgwGGtyIgnnlXKT9ZPFF1jcIo=
-18,1,PBVi1W/sJ3moMR2qQijC4XcRgrI=,NtDn4aAH+MYyuILDNYSX1wCTs00=
-17,3,CqFy0FQS22eeqYaV4gfRU516Mw4=,PaooVZjKfOuE7LNVQnCXcbqv84g=
-18,3,CqFy0FQS22eeqYaV4gfRU516Mw4=,PaooVZjKfOuE7LNVQnCXcbqv84g=
-26,0,GFoYUxSa24zkPDbVDlvBe53yF/M=,2n8wjVtvsIajYsUhD3WBLpMwpuI=
-24,3,QOEFB85Fs2/mH4NKlXhKdoA7sRg=,34CgwGGtyIgnnlXKT9ZPFF1jcIo=
-17,2,CqFy0FQS22eeqYaV4gfRU516Mw4=,PaooVZjKfOuE7LNVQnCXcbqv84g=
-18,2,CqFy0FQS22eeqYaV4gfRU516Mw4=,PaooVZjKfOuE7LNVQnCXcbqv84g=
-23,3,QOEFB85Fs2/mH4NKlXhKdoA7sRg=,34CgwGGtyIgnnlXKT9ZPFF1jcIo=
-25,3,GFoYUxSa24zkPDbVDlvBe53yF/M=,2n8wjVtvsIajYsUhD3WBLpMwpuI=
-26,3,GFoYUxSa24zkPDbVDlvBe53yF/M=,2n8wjVtvsIajYsUhD3WBLpMwpuI=
-19,15,PQHj/92o7kGT0ffU2weyXeGFPWE=,lXfzx5kuV69i4v8nkKaEtgzU5qw=
-19,14,PQHj/92o7kGT0ffU2weyXeGFPWE=,lXfzx5kuV69i4v8nkKaEtgzU5qw=
-18,15,Ll6ujo7sA1rxLQW/SuPPsCF1XRk=,/34ZM3W533M6JhwW6aTP2nCDRWA=
-17,14,Ll6ujo7sA1rxLQW/SuPPsCF1XRk=,/34ZM3W533M6JhwW6aTP2nCDRWA=
-17,15,Ll6ujo7sA1rxLQW/SuPPsCF1XRk=,/34ZM3W533M6JhwW6aTP2nCDRWA=
-18,14,Ll6ujo7sA1rxLQW/SuPPsCF1XRk=,/34ZM3W533M6JhwW6aTP2nCDRWA=
-2,4,m2zSSr0LSnY2T0X88tImmC6in14=,m8Vhy/gHPPmANdru1bHlos6r9cY=
-2,3,m2zSSr0LSnY2T0X88tImmC6in14=,CbShKN42A+p07LpwtuaqstpNwfg=
-3,3,jYgGUP2kLL2gObkkD+I+GQHM6Bo=,bK8n/kLso/2/lomakoGD+FTIpp0=
-3,4,uuu1cVbvgYcH+zD9HyWiIVGl3u8=,ZuH+Op7zfAthpGQhtcmZJd2gYOk=
-1,4,m2zSSr0LSnY2T0X88tImmC6in14=,m8Vhy/gHPPmANdru1bHlos6r9cY=
-1,3,m2zSSr0LSnY2T0X88tImmC6in14=,CbShKN42A+p07LpwtuaqstpNwfg=
-1,6,m2zSSr0LSnY2T0X88tImmC6in14=,YyTjCO9F9TGZk4d/2J0OK1q9/YE=
-1,5,m2zSSr0LSnY2T0X88tImmC6in14=,m8Vhy/gHPPmANdru1bHlos6r9cY=
-2,0,FLDDIaq/DlBr79szBWXhkSBUtPs=,hJOqF1tMiuKfEOXYr/mmb8qXc8I=
-2,2,m2zSSr0LSnY2T0X88tImmC6in14=,CbShKN42A+p07LpwtuaqstpNwfg=
-3,1,jYgGUP2kLL2gObkkD+I+GQHM6Bo=,6arTad3y1zDtjK81NFMhWCZ7lQs=
-2,1,FLDDIaq/DlBr79szBWXhkSBUtPs=,hJOqF1tMiuKfEOXYr/mmb8qXc8I=
-3,2,jYgGUP2kLL2gObkkD+I+GQHM6Bo=,bK8n/kLso/2/lomakoGD+FTIpp0=
-1,1,FLDDIaq/DlBr79szBWXhkSBUtPs=,hJOqF1tMiuKfEOXYr/mmb8qXc8I=
-1,2,m2zSSr0LSnY2T0X88tImmC6in14=,CbShKN42A+p07LpwtuaqstpNwfg=
-3,0,jYgGUP2kLL2gObkkD+I+GQHM6Bo=,6arTad3y1zDtjK81NFMhWCZ7lQs=
-1,7,m2zSSr0LSnY2T0X88tImmC6in14=,YyTjCO9F9TGZk4d/2J0OK1q9/YE=
-9,2,QUHe3Avtg0wjK4KjdvXPwI/05zI=,xFGdSvt7NZhCytdk18Ru75GcSMU=
-9,1,FLDDIaq/DlBr79szBWXhkSBUtPs=,NjNgQA7oMMIqnmi4Evdyz5OS/C4=
-1,8,m2zSSr0LSnY2T0X88tImmC6in14=,HQT3u/vFwJwcBVYcFoQceFD+3zg=
-8,1,sjt/RLe1Rc1WOxCPtHPhudFiCWY=,oNcJfr7jjcnlqzUQFv/OwIyiDRQ=
-10,2,QUHe3Avtg0wjK4KjdvXPwI/05zI=,xFGdSvt7NZhCytdk18Ru75GcSMU=
-11,2,hmIWnowSldJmtXsiVROFwT19VIQ=,q9//ixouTMTQZOnN2GpxxSPTm00=
-11,1,hmIWnowSldJmtXsiVROFwT19VIQ=,3MiopKBcWzipLKj/YyvS1adJXZI=
-10,1,FLDDIaq/DlBr79szBWXhkSBUtPs=,NjNgQA7oMMIqnmi4Evdyz5OS/C4=
-15,0,CqFy0FQS22eeqYaV4gfRU516Mw4=,9gE6mn/ghYCwhclgGOddPxs6dZM=
-14,0,PBVi1W/sJ3moMR2qQijC4XcRgrI=,nT4paHlpzvf3nBF+Wmm1ytwLbBw=
-16,1,CqFy0FQS22eeqYaV4gfRU516Mw4=,9gE6mn/ghYCwhclgGOddPxs6dZM=
-16,2,CqFy0FQS22eeqYaV4gfRU516Mw4=,3WFlxELWxWVV0uw8kCZWbJ4thzY=
-8,0,sjt/RLe1Rc1WOxCPtHPhudFiCWY=,oNcJfr7jjcnlqzUQFv/OwIyiDRQ=
-9,0,FLDDIaq/DlBr79szBWXhkSBUtPs=,NjNgQA7oMMIqnmi4Evdyz5OS/C4=
-2,9,m2zSSr0LSnY2T0X88tImmC6in14=,HQT3u/vFwJwcBVYcFoQceFD+3zg=
-2,10,m2zSSr0LSnY2T0X88tImmC6in14=,wvV0qncLAw2Z5BsVewylzoxFqks=
-1,11,m2zSSr0LSnY2T0X88tImmC6in14=,wvV0qncLAw2Z5BsVewylzoxFqks=
-1,9,m2zSSr0LSnY2T0X88tImmC6in14=,HQT3u/vFwJwcBVYcFoQceFD+3zg=
-1,10,m2zSSr0LSnY2T0X88tImmC6in14=,wvV0qncLAw2Z5BsVewylzoxFqks=
-2,7,m2zSSr0LSnY2T0X88tImmC6in14=,YyTjCO9F9TGZk4d/2J0OK1q9/YE=
-2,5,m2zSSr0LSnY2T0X88tImmC6in14=,m8Vhy/gHPPmANdru1bHlos6r9cY=
-2,8,m2zSSr0LSnY2T0X88tImmC6in14=,HQT3u/vFwJwcBVYcFoQceFD+3zg=
-3,5,uuu1cVbvgYcH+zD9HyWiIVGl3u8=,ZuH+Op7zfAthpGQhtcmZJd2gYOk=
-2,6,m2zSSr0LSnY2T0X88tImmC6in14=,YyTjCO9F9TGZk4d/2J0OK1q9/YE=
-6,3,uuu1cVbvgYcH+zD9HyWiIVGl3u8=,2x03JsqPDSeH91tKZ2PKlO5QeLw=
-6,4,uuu1cVbvgYcH+zD9HyWiIVGl3u8=,ntXlPJ5DaKsVd07gLvVlbvqGuiY=
-4,5,uuu1cVbvgYcH+zD9HyWiIVGl3u8=,ZuH+Op7zfAthpGQhtcmZJd2gYOk=
-5,3,uuu1cVbvgYcH+zD9HyWiIVGl3u8=,2x03JsqPDSeH91tKZ2PKlO5QeLw=
-6,5,uuu1cVbvgYcH+zD9HyWiIVGl3u8=,ntXlPJ5DaKsVd07gLvVlbvqGuiY=
-12,0,hmIWnowSldJmtXsiVROFwT19VIQ=,3MiopKBcWzipLKj/YyvS1adJXZI=
-11,0,hmIWnowSldJmtXsiVROFwT19VIQ=,3MiopKBcWzipLKj/YyvS1adJXZI=
-13,0,PBVi1W/sJ3moMR2qQijC4XcRgrI=,nT4paHlpzvf3nBF+Wmm1ytwLbBw=
-4,3,jYgGUP2kLL2gObkkD+I+GQHM6Bo=,bK8n/kLso/2/lomakoGD+FTIpp0=
-5,4,uuu1cVbvgYcH+zD9HyWiIVGl3u8=,ntXlPJ5DaKsVd07gLvVlbvqGuiY=
-5,5,uuu1cVbvgYcH+zD9HyWiIVGl3u8=,ntXlPJ5DaKsVd07gLvVlbvqGuiY=
-10,0,FLDDIaq/DlBr79szBWXhkSBUtPs=,NjNgQA7oMMIqnmi4Evdyz5OS/C4=
-11,3,hmIWnowSldJmtXsiVROFwT19VIQ=,q9//ixouTMTQZOnN2GpxxSPTm00=
-4,4,uuu1cVbvgYcH+zD9HyWiIVGl3u8=,ZuH+Op7zfAthpGQhtcmZJd2gYOk=
-10,3,QUHe3Avtg0wjK4KjdvXPwI/05zI=,xFGdSvt7NZhCytdk18Ru75GcSMU=
-9,3,QUHe3Avtg0wjK4KjdvXPwI/05zI=,xFGdSvt7NZhCytdk18Ru75GcSMU=
-7,1,CQrhJy6KV9jrq3UWLDX3uZ4QeF8=,oNcJfr7jjcnlqzUQFv/OwIyiDRQ=
-6,2,uuu1cVbvgYcH+zD9HyWiIVGl3u8=,2x03JsqPDSeH91tKZ2PKlO5QeLw=
-5,1,kpY7pAhzsd8lp+mOeVUPn9Adn/Y=,0Ei1cpgZdwCeUwZAVPIXvU98Fmw=
-5,2,kpY7pAhzsd8lp+mOeVUPn9Adn/Y=,2x03JsqPDSeH91tKZ2PKlO5QeLw=
-4,1,jYgGUP2kLL2gObkkD+I+GQHM6Bo=,6arTad3y1zDtjK81NFMhWCZ7lQs=
-4,2,jYgGUP2kLL2gObkkD+I+GQHM6Bo=,bK8n/kLso/2/lomakoGD+FTIpp0=
-15,11,RqC69uLNs/jO2LnI/YycoWO3r4I=,9E/YtbWFgZ9MKZjXnIYMyqEufcQ=
-13,2,pbZGdra7kK6nvYU3VHdcUTSCPX0=,dARiXVFHZ0a5adWfU3O71ZkVmGU=
-15,1,CqFy0FQS22eeqYaV4gfRU516Mw4=,9gE6mn/ghYCwhclgGOddPxs6dZM=
-15,3,CqFy0FQS22eeqYaV4gfRU516Mw4=,3WFlxELWxWVV0uw8kCZWbJ4thzY=
-14,1,PBVi1W/sJ3moMR2qQijC4XcRgrI=,nT4paHlpzvf3nBF+Wmm1ytwLbBw=
-16,11,RqC69uLNs/jO2LnI/YycoWO3r4I=,9E/YtbWFgZ9MKZjXnIYMyqEufcQ=
-13,1,PBVi1W/sJ3moMR2qQijC4XcRgrI=,nT4paHlpzvf3nBF+Wmm1ytwLbBw=
-15,2,CqFy0FQS22eeqYaV4gfRU516Mw4=,3WFlxELWxWVV0uw8kCZWbJ4thzY=
-12,2,hmIWnowSldJmtXsiVROFwT19VIQ=,q9//ixouTMTQZOnN2GpxxSPTm00=
-12,1,hmIWnowSldJmtXsiVROFwT19VIQ=,3MiopKBcWzipLKj/YyvS1adJXZI=
-14,2,pbZGdra7kK6nvYU3VHdcUTSCPX0=,dARiXVFHZ0a5adWfU3O71ZkVmGU=
-6,0,uuu1cVbvgYcH+zD9HyWiIVGl3u8=,0Ei1cpgZdwCeUwZAVPIXvU98Fmw=
-1,0,FLDDIaq/DlBr79szBWXhkSBUtPs=,hJOqF1tMiuKfEOXYr/mmb8qXc8I=
-16,3,CqFy0FQS22eeqYaV4gfRU516Mw4=,3WFlxELWxWVV0uw8kCZWbJ4thzY=
-2,11,m2zSSr0LSnY2T0X88tImmC6in14=,wvV0qncLAw2Z5BsVewylzoxFqks=
-14,3,pbZGdra7kK6nvYU3VHdcUTSCPX0=,dARiXVFHZ0a5adWfU3O71ZkVmGU=
-13,3,pbZGdra7kK6nvYU3VHdcUTSCPX0=,dARiXVFHZ0a5adWfU3O71ZkVmGU=
-12,3,hmIWnowSldJmtXsiVROFwT19VIQ=,q9//ixouTMTQZOnN2GpxxSPTm00=
-16,14,+pYTCd9Ic9FqgCRmXnRnMDG9yWE=,oBqoLpUzd0YS4ov1y7EG9TOSyY4=
-16,0,CqFy0FQS22eeqYaV4gfRU516Mw4=,9gE6mn/ghYCwhclgGOddPxs6dZM=
-16,15,+pYTCd9Ic9FqgCRmXnRnMDG9yWE=,oBqoLpUzd0YS4ov1y7EG9TOSyY4=
-7,0,sjt/RLe1Rc1WOxCPtHPhudFiCWY=,oNcJfr7jjcnlqzUQFv/OwIyiDRQ=
-16,8,+NplNPq8oA8vdRwbR0r/Bmp4/YM=,c0JnFswbxGW++bmh5pyMpjIUGiM=
-15,8,+NplNPq8oA8vdRwbR0r/Bmp4/YM=,c0JnFswbxGW++bmh5pyMpjIUGiM=
-6,1,uuu1cVbvgYcH+zD9HyWiIVGl3u8=,0Ei1cpgZdwCeUwZAVPIXvU98Fmw=
-4,0,jYgGUP2kLL2gObkkD+I+GQHM6Bo=,6arTad3y1zDtjK81NFMhWCZ7lQs=
-15,10,RqC69uLNs/jO2LnI/YycoWO3r4I=,9E/YtbWFgZ9MKZjXnIYMyqEufcQ=
-16,9,+NplNPq8oA8vdRwbR0r/Bmp4/YM=,c0JnFswbxGW++bmh5pyMpjIUGiM=
-15,9,+NplNPq8oA8vdRwbR0r/Bmp4/YM=,c0JnFswbxGW++bmh5pyMpjIUGiM=
-16,10,RqC69uLNs/jO2LnI/YycoWO3r4I=,9E/YtbWFgZ9MKZjXnIYMyqEufcQ=
-5,0,uuu1cVbvgYcH+zD9HyWiIVGl3u8=,0Ei1cpgZdwCeUwZAVPIXvU98Fmw=
-7,2,CQrhJy6KV9jrq3UWLDX3uZ4QeF8=,W2ca+nCKjNlZO/VlrzGSCbcgH/4=
-8,2,sjt/RLe1Rc1WOxCPtHPhudFiCWY=,W2ca+nCKjNlZO/VlrzGSCbcgH/4=
-7,3,riJ3Nwnp0RMBX3NZ2lE94q/rnPA=,W2ca+nCKjNlZO/VlrzGSCbcgH/4=
-8,3,sjt/RLe1Rc1WOxCPtHPhudFiCWY=,W2ca+nCKjNlZO/VlrzGSCbcgH/4=
-32,1,F3sJEpY6aIF3FpLgoJPMomF3Xhc=,kvM0hEfXIKkz7eiBQEx5/3aaBEU=
-31,1,F3sJEpY6aIF3FpLgoJPMomF3Xhc=,kvM0hEfXIKkz7eiBQEx5/3aaBEU=
-31,0,F3sJEpY6aIF3FpLgoJPMomF3Xhc=,kvM0hEfXIKkz7eiBQEx5/3aaBEU=
-32,0,F3sJEpY6aIF3FpLgoJPMomF3Xhc=,kvM0hEfXIKkz7eiBQEx5/3aaBEU=
-3,6,6pZWZ6at4DaTfzk6EyJXxlI2QYo=,8Sg0Gqkl6AC/IwWDV7qxt326WZQ=
-4,6,6pZWZ6at4DaTfzk6EyJXxlI2QYo=,8Sg0Gqkl6AC/IwWDV7qxt326WZQ=
-4,7,6pZWZ6at4DaTfzk6EyJXxlI2QYo=,8Sg0Gqkl6AC/IwWDV7qxt326WZQ=
-3,7,6pZWZ6at4DaTfzk6EyJXxlI2QYo=,8Sg0Gqkl6AC/IwWDV7qxt326WZQ=
-29,27,Tl5cNDuyDoQFV2CNS9JNDho3DRg=,tpnduIUAKtcjW9RTs7LbEinEKQ0=
-30,26,Tl5cNDuyDoQFV2CNS9JNDho3DRg=,tpnduIUAKtcjW9RTs7LbEinEKQ0=
-29,26,Tl5cNDuyDoQFV2CNS9JNDho3DRg=,tpnduIUAKtcjW9RTs7LbEinEKQ0=
-30,27,Tl5cNDuyDoQFV2CNS9JNDho3DRg=,tpnduIUAKtcjW9RTs7LbEinEKQ0=
-30,29,yq93LelFmesPuVfmCnXp4+eRvb0=,H6tL/vr6X1syhjlsOvktt3EPvdc=
-29,30,e8yQNyWE18PeyRWMFQCQ1cSvO2E=,tCsB6PL4I+hJP+KzD9A6jUqu5t4=
-29,31,e8yQNyWE18PeyRWMFQCQ1cSvO2E=,tCsB6PL4I+hJP+KzD9A6jUqu5t4=
-29,29,yq93LelFmesPuVfmCnXp4+eRvb0=,H6tL/vr6X1syhjlsOvktt3EPvdc=
-30,31,e8yQNyWE18PeyRWMFQCQ1cSvO2E=,tCsB6PL4I+hJP+KzD9A6jUqu5t4=
-30,30,e8yQNyWE18PeyRWMFQCQ1cSvO2E=,tCsB6PL4I+hJP+KzD9A6jUqu5t4=
-29,28,yq93LelFmesPuVfmCnXp4+eRvb0=,H6tL/vr6X1syhjlsOvktt3EPvdc=
-30,28,yq93LelFmesPuVfmCnXp4+eRvb0=,H6tL/vr6X1syhjlsOvktt3EPvdc=
-28,23,QFKEyJxkLHefXQSgLj7vjg3xEQI=,XMAixE1iPlz7xiJhdPT2AEFpJZQ=
-28,22,QFKEyJxkLHefXQSgLj7vjg3xEQI=,XMAixE1iPlz7xiJhdPT2AEFpJZQ=
-28,21,QFKEyJxkLHefXQSgLj7vjg3xEQI=,8zVrwNF6UffA6EILaI4xSfFkgJU=
-28,20,QFKEyJxkLHefXQSgLj7vjg3xEQI=,8zVrwNF6UffA6EILaI4xSfFkgJU=
-26,20,yhqHnnM8mpe1M0Zn/sZXscsRoUI=,Q1v2q3lksZ6edQRDIhvlGqdePEs=
-25,20,yhqHnnM8mpe1M0Zn/sZXscsRoUI=,Q1v2q3lksZ6edQRDIhvlGqdePEs=
-27,20,QFKEyJxkLHefXQSgLj7vjg3xEQI=,8zVrwNF6UffA6EILaI4xSfFkgJU=
-27,23,QFKEyJxkLHefXQSgLj7vjg3xEQI=,XMAixE1iPlz7xiJhdPT2AEFpJZQ=
-25,21,yhqHnnM8mpe1M0Zn/sZXscsRoUI=,Q1v2q3lksZ6edQRDIhvlGqdePEs=
-27,22,QFKEyJxkLHefXQSgLj7vjg3xEQI=,XMAixE1iPlz7xiJhdPT2AEFpJZQ=
-25,23,QFKEyJxkLHefXQSgLj7vjg3xEQI=,xJSJ9iigvfdCsMJvTGuIbkSTNMw=
-27,21,QFKEyJxkLHefXQSgLj7vjg3xEQI=,8zVrwNF6UffA6EILaI4xSfFkgJU=
-26,23,QFKEyJxkLHefXQSgLj7vjg3xEQI=,xJSJ9iigvfdCsMJvTGuIbkSTNMw=
-25,22,QFKEyJxkLHefXQSgLj7vjg3xEQI=,xJSJ9iigvfdCsMJvTGuIbkSTNMw=
-26,22,QFKEyJxkLHefXQSgLj7vjg3xEQI=,xJSJ9iigvfdCsMJvTGuIbkSTNMw=
-26,21,yhqHnnM8mpe1M0Zn/sZXscsRoUI=,Q1v2q3lksZ6edQRDIhvlGqdePEs=
-26,15,vtGZW5tsk/eHktQd5oltmUDWZcE=,dEadr/59xnVLmH8N/bDZEWZX6Zo=
-25,15,vtGZW5tsk/eHktQd5oltmUDWZcE=,dEadr/59xnVLmH8N/bDZEWZX6Zo=
-26,14,vtGZW5tsk/eHktQd5oltmUDWZcE=,dEadr/59xnVLmH8N/bDZEWZX6Zo=
-25,14,vtGZW5tsk/eHktQd5oltmUDWZcE=,dEadr/59xnVLmH8N/bDZEWZX6Zo=
-25,12,kl8Y5FOjrskjrjdfk3nlPmzbiIE=,UG2vm779aDXvd9D5XdjbBf0Lq7w=
-26,12,kl8Y5FOjrskjrjdfk3nlPmzbiIE=,UG2vm779aDXvd9D5XdjbBf0Lq7w=
-25,13,kl8Y5FOjrskjrjdfk3nlPmzbiIE=,UG2vm779aDXvd9D5XdjbBf0Lq7w=
-26,13,kl8Y5FOjrskjrjdfk3nlPmzbiIE=,UG2vm779aDXvd9D5XdjbBf0Lq7w=
-20,23,RIdB6USmbxs1yDlmNRdr+PZexvo=,L945xqINqyE4Z1/UH5CXZc01ZMs=
-22,22,RIdB6USmbxs1yDlmNRdr+PZexvo=,L945xqINqyE4Z1/UH5CXZc01ZMs=
-22,21,RIdB6USmbxs1yDlmNRdr+PZexvo=,L945xqINqyE4Z1/UH5CXZc01ZMs=
-21,23,RIdB6USmbxs1yDlmNRdr+PZexvo=,L945xqINqyE4Z1/UH5CXZc01ZMs=
-18,21,7jCSDxhbYo8HwVkNB9gcayriN/g=,lCDa0vPxsRbKmxddO2PNG9n9z9Q=
-18,20,7jCSDxhbYo8HwVkNB9gcayriN/g=,lCDa0vPxsRbKmxddO2PNG9n9z9Q=
-20,22,RIdB6USmbxs1yDlmNRdr+PZexvo=,L945xqINqyE4Z1/UH5CXZc01ZMs=
-19,22,RIdB6USmbxs1yDlmNRdr+PZexvo=,L945xqINqyE4Z1/UH5CXZc01ZMs=
-21,22,RIdB6USmbxs1yDlmNRdr+PZexvo=,L945xqINqyE4Z1/UH5CXZc01ZMs=
-20,20,Bk/WZmiHQFBrIMIypuuJk+KU8dw=,H9LPzOJ6A4miWAA3GjhHGaWmNhk=
-21,20,RIdB6USmbxs1yDlmNRdr+PZexvo=,L945xqINqyE4Z1/UH5CXZc01ZMs=
-19,21,Bk/WZmiHQFBrIMIypuuJk+KU8dw=,H9LPzOJ6A4miWAA3GjhHGaWmNhk=
-19,20,Bk/WZmiHQFBrIMIypuuJk+KU8dw=,H9LPzOJ6A4miWAA3GjhHGaWmNhk=
-21,21,RIdB6USmbxs1yDlmNRdr+PZexvo=,L945xqINqyE4Z1/UH5CXZc01ZMs=
-17,21,7jCSDxhbYo8HwVkNB9gcayriN/g=,lCDa0vPxsRbKmxddO2PNG9n9z9Q=
-20,21,Bk/WZmiHQFBrIMIypuuJk+KU8dw=,H9LPzOJ6A4miWAA3GjhHGaWmNhk=
-17,20,7jCSDxhbYo8HwVkNB9gcayriN/g=,lCDa0vPxsRbKmxddO2PNG9n9z9Q=
-22,23,RIdB6USmbxs1yDlmNRdr+PZexvo=,L945xqINqyE4Z1/UH5CXZc01ZMs=
-22,20,RIdB6USmbxs1yDlmNRdr+PZexvo=,L945xqINqyE4Z1/UH5CXZc01ZMs=
-19,23,RIdB6USmbxs1yDlmNRdr+PZexvo=,L945xqINqyE4Z1/UH5CXZc01ZMs=
-15,20,RIdB6USmbxs1yDlmNRdr+PZexvo=,DmL2/ZYi0/eNvJxiJnvI0W4Cisk=
-16,21,RIdB6USmbxs1yDlmNRdr+PZexvo=,DmL2/ZYi0/eNvJxiJnvI0W4Cisk=
-15,21,RIdB6USmbxs1yDlmNRdr+PZexvo=,DmL2/ZYi0/eNvJxiJnvI0W4Cisk=
-16,20,RIdB6USmbxs1yDlmNRdr+PZexvo=,DmL2/ZYi0/eNvJxiJnvI0W4Cisk=
-29,11,W6LNrPcZLl6k60Gsj45mZ+juU8I=,ZeK22zU2HxFiyyatb9TbyPU6daI=
-30,11,W6LNrPcZLl6k60Gsj45mZ+juU8I=,ZeK22zU2HxFiyyatb9TbyPU6daI=
-30,8,mbuaYVG4uxLEOl9zz6YK/HlqIRE=,rbLUvcBBxln16A02d7jDWxi11wA=
-30,9,mbuaYVG4uxLEOl9zz6YK/HlqIRE=,rbLUvcBBxln16A02d7jDWxi11wA=
-30,10,W6LNrPcZLl6k60Gsj45mZ+juU8I=,ZeK22zU2HxFiyyatb9TbyPU6daI=
-29,8,mbuaYVG4uxLEOl9zz6YK/HlqIRE=,rbLUvcBBxln16A02d7jDWxi11wA=
-29,9,mbuaYVG4uxLEOl9zz6YK/HlqIRE=,rbLUvcBBxln16A02d7jDWxi11wA=
-29,10,W6LNrPcZLl6k60Gsj45mZ+juU8I=,ZeK22zU2HxFiyyatb9TbyPU6daI=
-7,5,WpVaT9wX/HBMtoxUNzLKV5oiCio=,q61UgeLrv3aDKmZ6KFiF2GoqgHQ=
-8,4,WpVaT9wX/HBMtoxUNzLKV5oiCio=,q61UgeLrv3aDKmZ6KFiF2GoqgHQ=
-8,5,WpVaT9wX/HBMtoxUNzLKV5oiCio=,q61UgeLrv3aDKmZ6KFiF2GoqgHQ=
-7,4,WpVaT9wX/HBMtoxUNzLKV5oiCio=,q61UgeLrv3aDKmZ6KFiF2GoqgHQ=
-18,12,VzSAJ79cIdwsCB0rcvIrSZ4yKe4=,gAlp7jr0R3HxxgVFJ61/usne7X0=
-17,12,VzSAJ79cIdwsCB0rcvIrSZ4yKe4=,gAlp7jr0R3HxxgVFJ61/usne7X0=
-17,13,d4mTDVM2sr4looInv5UgpTT00Uo=,gAlp7jr0R3HxxgVFJ61/usne7X0=
-18,13,d4mTDVM2sr4looInv5UgpTT00Uo=,gAlp7jr0R3HxxgVFJ61/usne7X0=
-15,13,+pYTCd9Ic9FqgCRmXnRnMDG9yWE=,OFG5IQl4Uk72Xr1nGwuRHUmRJmc=
-15,14,+pYTCd9Ic9FqgCRmXnRnMDG9yWE=,oBqoLpUzd0YS4ov1y7EG9TOSyY4=
-16,13,+pYTCd9Ic9FqgCRmXnRnMDG9yWE=,OFG5IQl4Uk72Xr1nGwuRHUmRJmc=
-15,12,+pYTCd9Ic9FqgCRmXnRnMDG9yWE=,OFG5IQl4Uk72Xr1nGwuRHUmRJmc=
-16,12,+pYTCd9Ic9FqgCRmXnRnMDG9yWE=,OFG5IQl4Uk72Xr1nGwuRHUmRJmc=
-15,15,+pYTCd9Ic9FqgCRmXnRnMDG9yWE=,oBqoLpUzd0YS4ov1y7EG9TOSyY4=
