2,1,wpSlmWTNC/9WwyUN80xhcPQ12ac=,+pCW19F/9z0yCGwRtNbrjIn2i7o=
2,2,kd1eG9TdBDQlywlU+sqcslo5uko=,X7KKCikauBsCe3F5QN4AzUyzgkM=
1,2,Ne13Ewdu/qYWgdzbeObYQX8ylMc=,qPrrSJDV22EKfCyJeSpg/sqyvW4=
1,1,wpSlmWTNC/9WwyUN80xhcPQ12ac=,wNxxIaWMs5NYsZkP7Xd/6CODkuo=
2,4,HOo7g/iWB4OTRBEccBVg+WJ6S5I=,MWx/GBmpP4B5OCRrBNBEBnsZTHg=
2,3,kd1eG9TdBDQlywlU+sqcslo5uko=,X7KKCikauBsCe3F5QN4AzUyzgkM=
2,5,HOo7g/iWB4OTRBEccBVg+WJ6S5I=,MWx/GBmpP4B5OCRrBNBEBnsZTHg=
1,4,HOo7g/iWB4OTRBEccBVg+WJ6S5I=,4IAAGLKJ0+ajCRfHvqMvdOvP4Sk=
2,6,h2yHhDC4EDQ+7COGMEbrxfyQ0DE=,G6EdWHSW0dzjYYWcBIBQO42HPak=
1,3,HOo7g/iWB4OTRBEccBVg+WJ6S5I=,qPrrSJDV22EKfCyJeSpg/sqyvW4=
1,6,HOo7g/iWB4OTRBEccBVg+WJ6S5I=,BB5CelQUtGhZG6raa4MjpM+5Okc=
1,5,HOo7g/iWB4OTRBEccBVg+WJ6S5I=,4IAAGLKJ0+ajCRfHvqMvdOvP4Sk=
2,9,KUzi4FwaV30tHY72LsuWbn4sTcE=,KnIGcQIxC40KbAspK1UGSTAsPv0=
2,8,HOo7g/iWB4OTRBEccBVg+WJ6S5I=,KnIGcQIxC40KbAspK1UGSTAsPv0=
2,10,KUzi4FwaV30tHY72LsuWbn4sTcE=,hsMW/zy0oQ1X56VAMC+8l9nN1f8=
2,7,+oFWp4GHvVbDz/zJkKv65BlrRoc=,G6EdWHSW0dzjYYWcBIBQO42HPak=
1,10,KUzi4FwaV30tHY72LsuWbn4sTcE=,IgU94cGIpKITQ+9zb4PbGfyVhak=
1,9,KUzi4FwaV30tHY72LsuWbn4sTcE=,oYSj99m7HywQTv5e6EB8R3DA+vE=
1,8,HOo7g/iWB4OTRBEccBVg+WJ6S5I=,oYSj99m7HywQTv5e6EB8R3DA+vE=
1,7,HOo7g/iWB4OTRBEccBVg+WJ6S5I=,BB5CelQUtGhZG6raa4MjpM+5Okc=
3,7,+oFWp4GHvVbDz/zJkKv65BlrRoc=,G6EdWHSW0dzjYYWcBIBQO42HPak=
4,7,+oFWp4GHvVbDz/zJkKv65BlrRoc=,usye4nCDl9teK13WFZuuHeUrfWk=
3,8,4Pu6RR7PSM2mDytP1NixQ9e11wM=,KnIGcQIxC40KbAspK1UGSTAsPv0=
3,10,4Pu6RR7PSM2mDytP1NixQ9e11wM=,hsMW/zy0oQ1X56VAMC+8l9nN1f8=
4,10,4Pu6RR7PSM2mDytP1NixQ9e11wM=,rvI5ZBUzcn95M/5U9yLdFCDB2zc=
4,8,4Pu6RR7PSM2mDytP1NixQ9e11wM=,B0Lyqoy0xQfTo1yE+qdqSgwW74M=
4,9,4Pu6RR7PSM2mDytP1NixQ9e11wM=,B0Lyqoy0xQfTo1yE+qdqSgwW74M=
3,9,4Pu6RR7PSM2mDytP1NixQ9e11wM=,KnIGcQIxC40KbAspK1UGSTAsPv0=
5,7,+oFWp4GHvVbDz/zJkKv65BlrRoc=,usye4nCDl9teK13WFZuuHeUrfWk=
5,8,4Pu6RR7PSM2mDytP1NixQ9e11wM=,B0Lyqoy0xQfTo1yE+qdqSgwW74M=
6,7,b0JQJCKdlHXRFmQsEAcOLtFbiU8=,elIjwPwiFkIsP5hcD5rs/SCtJpY=
6,8,4Pu6RR7PSM2mDytP1NixQ9e11wM=,kUwS6G9fsF+znkUnoalZown0jtI=
6,10,4Pu6RR7PSM2mDytP1NixQ9e11wM=,T5AJ0HgzFOG1Z+zCWtsHnc/7sVE=
5,9,4Pu6RR7PSM2mDytP1NixQ9e11wM=,B0Lyqoy0xQfTo1yE+qdqSgwW74M=
5,10,4Pu6RR7PSM2mDytP1NixQ9e11wM=,rvI5ZBUzcn95M/5U9yLdFCDB2zc=
6,9,4Pu6RR7PSM2mDytP1NixQ9e11wM=,kUwS6G9fsF+znkUnoalZown0jtI=
12,12,OZK7+/ydMHT9IwEAIvT6tFZAMnE=,VoE0GJRpKw3NyqzyGyi8Ph46rH8=
11,12,vbIpnUzPjorSRXon2VjQDvx/hXY=,blCqGFqTca81yPee8ISHqL7NRLs=
11,11,J3HRUKNfEXpMYWUcZwK0Dw+0pEo=,FivAXDQoOly/UFmxpRHQK06XAFA=
8,7,J3HRUKNfEXpMYWUcZwK0Dw+0pEo=,TwTcAYpFVGJ/yPtV7ce+lwHlbMM=
7,7,b0JQJCKdlHXRFmQsEAcOLtFbiU8=,elIjwPwiFkIsP5hcD5rs/SCtJpY=
8,10,4Pu6RR7PSM2mDytP1NixQ9e11wM=,1Ah6l2d+D/FtDxU4hHKkzwdLHu4=
7,10,4Pu6RR7PSM2mDytP1NixQ9e11wM=,T5AJ0HgzFOG1Z+zCWtsHnc/7sVE=
7,8,J3HRUKNfEXpMYWUcZwK0Dw+0pEo=,kUwS6G9fsF+znkUnoalZown0jtI=
8,8,J3HRUKNfEXpMYWUcZwK0Dw+0pEo=,5XFufa/l3QCMsDAaKPkL1FISn50=
8,9,4Pu6RR7PSM2mDytP1NixQ9e11wM=,5XFufa/l3QCMsDAaKPkL1FISn50=
7,9,4Pu6RR7PSM2mDytP1NixQ9e11wM=,kUwS6G9fsF+znkUnoalZown0jtI=
0,4,J3HRUKNfEXpMYWUcZwK0Dw+0pEo=,4IAAGLKJ0+ajCRfHvqMvdOvP4Sk=
0,1,wpSlmWTNC/9WwyUN80xhcPQ12ac=,wNxxIaWMs5NYsZkP7Xd/6CODkuo=
0,0,wpSlmWTNC/9WwyUN80xhcPQ12ac=,wNxxIaWMs5NYsZkP7Xd/6CODkuo=
0,2,J3HRUKNfEXpMYWUcZwK0Dw+0pEo=,qPrrSJDV22EKfCyJeSpg/sqyvW4=
0,3,J3HRUKNfEXpMYWUcZwK0Dw+0pEo=,qPrrSJDV22EKfCyJeSpg/sqyvW4=
0,6,J3HRUKNfEXpMYWUcZwK0Dw+0pEo=,BB5CelQUtGhZG6raa4MjpM+5Okc=
0,5,J3HRUKNfEXpMYWUcZwK0Dw+0pEo=,4IAAGLKJ0+ajCRfHvqMvdOvP4Sk=
0,10,J3HRUKNfEXpMYWUcZwK0Dw+0pEo=,IgU94cGIpKITQ+9zb4PbGfyVhak=
2,0,wpSlmWTNC/9WwyUN80xhcPQ12ac=,+pCW19F/9z0yCGwRtNbrjIn2i7o=
1,0,wpSlmWTNC/9WwyUN80xhcPQ12ac=,wNxxIaWMs5NYsZkP7Xd/6CODkuo=
0,9,J3HRUKNfEXpMYWUcZwK0Dw+0pEo=,oYSj99m7HywQTv5e6EB8R3DA+vE=
0,8,J3HRUKNfEXpMYWUcZwK0Dw+0pEo=,oYSj99m7HywQTv5e6EB8R3DA+vE=
0,7,J3HRUKNfEXpMYWUcZwK0Dw+0pEo=,BB5CelQUtGhZG6raa4MjpM+5Okc=
4,6,OZK7+/ydMHT9IwEAIvT6tFZAMnE=,usye4nCDl9teK13WFZuuHeUrfWk=
4,5,OZK7+/ydMHT9IwEAIvT6tFZAMnE=,I8NdDjtbY9o5TkbbvHZFRXbDluA=
3,5,4Pu6RR7PSM2mDytP1NixQ9e11wM=,MWx/GBmpP4B5OCRrBNBEBnsZTHg=
3,6,OZK7+/ydMHT9IwEAIvT6tFZAMnE=,G6EdWHSW0dzjYYWcBIBQO42HPak=
11,7,4Pu6RR7PSM2mDytP1NixQ9e11wM=,drb0/w01N9Ofz3S71jwtJdO4VMQ=
10,7,J3HRUKNfEXpMYWUcZwK0Dw+0pEo=,drb0/w01N9Ofz3S71jwtJdO4VMQ=
11,9,4Pu6RR7PSM2mDytP1NixQ9e11wM=,R/CLoZpW4P+svNvWU05/mApqzsc=
10,9,4Pu6RR7PSM2mDytP1NixQ9e11wM=,R/CLoZpW4P+svNvWU05/mApqzsc=
11,8,4Pu6RR7PSM2mDytP1NixQ9e11wM=,R/CLoZpW4P+svNvWU05/mApqzsc=
10,8,J3HRUKNfEXpMYWUcZwK0Dw+0pEo=,R/CLoZpW4P+svNvWU05/mApqzsc=
11,10,4Pu6RR7PSM2mDytP1NixQ9e11wM=,FivAXDQoOly/UFmxpRHQK06XAFA=
10,10,4Pu6RR7PSM2mDytP1NixQ9e11wM=,FivAXDQoOly/UFmxpRHQK06XAFA=
9,7,J3HRUKNfEXpMYWUcZwK0Dw+0pEo=,TwTcAYpFVGJ/yPtV7ce+lwHlbMM=
9,10,4Pu6RR7PSM2mDytP1NixQ9e11wM=,1Ah6l2d+D/FtDxU4hHKkzwdLHu4=
9,9,4Pu6RR7PSM2mDytP1NixQ9e11wM=,5XFufa/l3QCMsDAaKPkL1FISn50=
9,8,J3HRUKNfEXpMYWUcZwK0Dw+0pEo=,5XFufa/l3QCMsDAaKPkL1FISn50=
4,3,IvEamVFVkL1ZOLs6429pouN4NA0=,sbPbCs6krrWefinVKhqwvn8SeZU=
4,4,OZK7+/ydMHT9IwEAIvT6tFZAMnE=,I8NdDjtbY9o5TkbbvHZFRXbDluA=
3,4,J3HRUKNfEXpMYWUcZwK0Dw+0pEo=,MWx/GBmpP4B5OCRrBNBEBnsZTHg=
3,3,kd1eG9TdBDQlywlU+sqcslo5uko=,X7KKCikauBsCe3F5QN4AzUyzgkM=
4,2,IvEamVFVkL1ZOLs6429pouN4NA0=,sbPbCs6krrWefinVKhqwvn8SeZU=
4,1,J3HRUKNfEXpMYWUcZwK0Dw+0pEo=,1L0MQAnGh2WS0cdPDE0KEaxbCMI=
3,2,kd1eG9TdBDQlywlU+sqcslo5uko=,X7KKCikauBsCe3F5QN4AzUyzgkM=
10,2,OZK7+/ydMHT9IwEAIvT6tFZAMnE=,UkULBUv0TXCbF8UBFiwlWkrmrrY=
9,1,OZK7+/ydMHT9IwEAIvT6tFZAMnE=,cRrpBz8g4NgxB6tUHjgh7/CHD/Y=
9,2,M9vGxnUlEML/BWDTZ0979WTx1RE=,M6jgMjIt5cOl9KgN2Vw+8y5up6g=
10,1,/2zIpCSholSoYShBkwuRj1HK0qs=,nu6tV1oB62UrkkcxCufEar/vkWo=
3,1,wpSlmWTNC/9WwyUN80xhcPQ12ac=,+pCW19F/9z0yCGwRtNbrjIn2i7o=
0,11,J3HRUKNfEXpMYWUcZwK0Dw+0pEo=,IgU94cGIpKITQ+9zb4PbGfyVhak=
2,11,J3HRUKNfEXpMYWUcZwK0Dw+0pEo=,hsMW/zy0oQ1X56VAMC+8l9nN1f8=
1,11,J3HRUKNfEXpMYWUcZwK0Dw+0pEo=,IgU94cGIpKITQ+9zb4PbGfyVhak=
4,11,J3HRUKNfEXpMYWUcZwK0Dw+0pEo=,rvI5ZBUzcn95M/5U9yLdFCDB2zc=
3,11,J3HRUKNfEXpMYWUcZwK0Dw+0pEo=,hsMW/zy0oQ1X56VAMC+8l9nN1f8=
6,3,pI8DYrPqcyvGwndHbryBt+e587k=,ZYZNmjR/vMGuR4vdMfxB3ChSwco=
5,4,OZK7+/ydMHT9IwEAIvT6tFZAMnE=,I8NdDjtbY9o5TkbbvHZFRXbDluA=
5,5,OZK7+/ydMHT9IwEAIvT6tFZAMnE=,I8NdDjtbY9o5TkbbvHZFRXbDluA=
5,6,OZK7+/ydMHT9IwEAIvT6tFZAMnE=,usye4nCDl9teK13WFZuuHeUrfWk=
6,6,migBmzDx4MIOKk4GrTYlYDuewTQ=,elIjwPwiFkIsP5hcD5rs/SCtJpY=
5,3,IvEamVFVkL1ZOLs6429pouN4NA0=,sbPbCs6krrWefinVKhqwvn8SeZU=
6,11,J3HRUKNfEXpMYWUcZwK0Dw+0pEo=,T5AJ0HgzFOG1Z+zCWtsHnc/7sVE=
5,11,J3HRUKNfEXpMYWUcZwK0Dw+0pEo=,rvI5ZBUzcn95M/5U9yLdFCDB2zc=
8,6,J3HRUKNfEXpMYWUcZwK0Dw+0pEo=,TwTcAYpFVGJ/yPtV7ce+lwHlbMM=
3,0,wpSlmWTNC/9WwyUN80xhcPQ12ac=,+pCW19F/9z0yCGwRtNbrjIn2i7o=
7,6,b0JQJCKdlHXRFmQsEAcOLtFbiU8=,elIjwPwiFkIsP5hcD5rs/SCtJpY=
7,3,pI8DYrPqcyvGwndHbryBt+e587k=,ZYZNmjR/vMGuR4vdMfxB3ChSwco=
7,11,J3HRUKNfEXpMYWUcZwK0Dw+0pEo=,T5AJ0HgzFOG1Z+zCWtsHnc/7sVE=
10,12,vbIpnUzPjorSRXon2VjQDvx/hXY=,blCqGFqTca81yPee8ISHqL7NRLs=
10,11,J3HRUKNfEXpMYWUcZwK0Dw+0pEo=,FivAXDQoOly/UFmxpRHQK06XAFA=
9,11,J3HRUKNfEXpMYWUcZwK0Dw+0pEo=,1Ah6l2d+D/FtDxU4hHKkzwdLHu4=
8,11,J3HRUKNfEXpMYWUcZwK0Dw+0pEo=,1Ah6l2d+D/FtDxU4hHKkzwdLHu4=
8,3,M9vGxnUlEML/BWDTZ0979WTx1RE=,M6jgMjIt5cOl9KgN2Vw+8y5up6g=
11,1,vn+q6ONLshAOuehVt0gfov3FsYE=,nu6tV1oB62UrkkcxCufEar/vkWo=
11,2,OZK7+/ydMHT9IwEAIvT6tFZAMnE=,UkULBUv0TXCbF8UBFiwlWkrmrrY=
9,0,OZK7+/ydMHT9IwEAIvT6tFZAMnE=,cRrpBz8g4NgxB6tUHjgh7/CHD/Y=
10,0,vn+q6ONLshAOuehVt0gfov3FsYE=,nu6tV1oB62UrkkcxCufEar/vkWo=
10,6,J3HRUKNfEXpMYWUcZwK0Dw+0pEo=,drb0/w01N9Ofz3S71jwtJdO4VMQ=
9,6,J3HRUKNfEXpMYWUcZwK0Dw+0pEo=,TwTcAYpFVGJ/yPtV7ce+lwHlbMM=
9,3,M9vGxnUlEML/BWDTZ0979WTx1RE=,M6jgMjIt5cOl9KgN2Vw+8y5up6g=
10,3,OZK7+/ydMHT9IwEAIvT6tFZAMnE=,UkULBUv0TXCbF8UBFiwlWkrmrrY=
8,2,M9vGxnUlEML/BWDTZ0979WTx1RE=,M6jgMjIt5cOl9KgN2Vw+8y5up6g=
4,0,J3HRUKNfEXpMYWUcZwK0Dw+0pEo=,1L0MQAnGh2WS0cdPDE0KEaxbCMI=
5,1,J3HRUKNfEXpMYWUcZwK0Dw+0pEo=,1L0MQAnGh2WS0cdPDE0KEaxbCMI=
6,2,pI8DYrPqcyvGwndHbryBt+e587k=,ZYZNmjR/vMGuR4vdMfxB3ChSwco=
7,2,pI8DYrPqcyvGwndHbryBt+e587k=,ZYZNmjR/vMGuR4vdMfxB3ChSwco=
8,1,OZK7+/ydMHT9IwEAIvT6tFZAMnE=,cRrpBz8g4NgxB6tUHjgh7/CHD/Y=
5,2,IvEamVFVkL1ZOLs6429pouN4NA0=,sbPbCs6krrWefinVKhqwvn8SeZU=
11,6,J3HRUKNfEXpMYWUcZwK0Dw+0pEo=,drb0/w01N9Ofz3S71jwtJdO4VMQ=
11,3,OZK7+/ydMHT9IwEAIvT6tFZAMnE=,UkULBUv0TXCbF8UBFiwlWkrmrrY=
7,0,NATQmboZPQtjRNTEE2MqSzTvLrw=,fVXJ9pJ2uCd7+GR3g1s09guhDVw=
8,0,OZK7+/ydMHT9IwEAIvT6tFZAMnE=,cRrpBz8g4NgxB6tUHjgh7/CHD/Y=
11,0,vn+q6ONLshAOuehVt0gfov3FsYE=,nu6tV1oB62UrkkcxCufEar/vkWo=
6,0,NATQmboZPQtjRNTEE2MqSzTvLrw=,fVXJ9pJ2uCd7+GR3g1s09guhDVw=
13,12,OZK7+/ydMHT9IwEAIvT6tFZAMnE=,VoE0GJRpKw3NyqzyGyi8Ph46rH8=
6,1,NATQmboZPQtjRNTEE2MqSzTvLrw=,fVXJ9pJ2uCd7+GR3g1s09guhDVw=
13,13,OZK7+/ydMHT9IwEAIvT6tFZAMnE=,VoE0GJRpKw3NyqzyGyi8Ph46rH8=
13,14,OZK7+/ydMHT9IwEAIvT6tFZAMnE=,VoE0GJRpKw3NyqzyGyi8Ph46rH8=
13,15,OZK7+/ydMHT9IwEAIvT6tFZAMnE=,VoE0GJRpKw3NyqzyGyi8Ph46rH8=
7,1,NATQmboZPQtjRNTEE2MqSzTvLrw=,fVXJ9pJ2uCd7+GR3g1s09guhDVw=
5,0,J3HRUKNfEXpMYWUcZwK0Dw+0pEo=,1L0MQAnGh2WS0cdPDE0KEaxbCMI=
14,3,/2zIpCSholSoYShBkwuRj1HK0qs=,zvcdHG+Jo9ArYKJh+dzXjdrOBOw=
15,3,/2zIpCSholSoYShBkwuRj1HK0qs=,zvcdHG+Jo9ArYKJh+dzXjdrOBOw=
14,6,LUCs4SAqyUxpS77lSoYCQ8Thda0=,jKNI12Ack97QDhVHk4eUivIv/8E=
15,6,LUCs4SAqyUxpS77lSoYCQ8Thda0=,jKNI12Ack97QDhVHk4eUivIv/8E=
14,7,LUCs4SAqyUxpS77lSoYCQ8Thda0=,jKNI12Ack97QDhVHk4eUivIv/8E=
15,7,LUCs4SAqyUxpS77lSoYCQ8Thda0=,jKNI12Ack97QDhVHk4eUivIv/8E=
14,2,/2zIpCSholSoYShBkwuRj1HK0qs=,zvcdHG+Jo9ArYKJh+dzXjdrOBOw=
14,0,9YcDxPaD+biX0dHfgu4zrqGYpGk=,gpMer1Ksu0ZrAayhYwbYTxBIuPo=
15,1,9YcDxPaD+biX0dHfgu4zrqGYpGk=,gpMer1Ksu0ZrAayhYwbYTxBIuPo=
14,1,9YcDxPaD+biX0dHfgu4zrqGYpGk=,gpMer1Ksu0ZrAayhYwbYTxBIuPo=
15,0,9YcDxPaD+biX0dHfgu4zrqGYpGk=,gpMer1Ksu0ZrAayhYwbYTxBIuPo=
15,2,/2zIpCSholSoYShBkwuRj1HK0qs=,zvcdHG+Jo9ArYKJh+dzXjdrOBOw=
12,15,OZK7+/ydMHT9IwEAIvT6tFZAMnE=,VoE0GJRpKw3NyqzyGyi8Ph46rH8=
10,15,kl8Y5FOjrskjrjdfk3nlPmzbiIE=,PSCdmCy3vIkMy4WZna/v7DcNw4k=
11,15,kl8Y5FOjrskjrjdfk3nlPmzbiIE=,PSCdmCy3vIkMy4WZna/v7DcNw4k=
10,13,vbIpnUzPjorSRXon2VjQDvx/hXY=,blCqGFqTca81yPee8ISHqL7NRLs=
12,14,OZK7+/ydMHT9IwEAIvT6tFZAMnE=,VoE0GJRpKw3NyqzyGyi8Ph46rH8=
12,13,OZK7+/ydMHT9IwEAIvT6tFZAMnE=,VoE0GJRpKw3NyqzyGyi8Ph46rH8=
11,14,kl8Y5FOjrskjrjdfk3nlPmzbiIE=,PSCdmCy3vIkMy4WZna/v7DcNw4k=
11,13,vbIpnUzPjorSRXon2VjQDvx/hXY=,blCqGFqTca81yPee8ISHqL7NRLs=
10,14,kl8Y5FOjrskjrjdfk3nlPmzbiIE=,PSCdmCy3vIkMy4WZna/v7DcNw4k=
4,19,U8HibCYMYeHAvQlCf0gKdS5K3yk=,0ZUDFeM803TsOwwdk+CrX445A/8=
4,16,U8HibCYMYeHAvQlCf0gKdS5K3yk=,gBUpdQR04XsqKOlJSgccZma9EPA=
4,17,U8HibCYMYeHAvQlCf0gKdS5K3yk=,gBUpdQR04XsqKOlJSgccZma9EPA=
4,18,U8HibCYMYeHAvQlCf0gKdS5K3yk=,0ZUDFeM803TsOwwdk+CrX445A/8=
5,19,U8HibCYMYeHAvQlCf0gKdS5K3yk=,0ZUDFeM803TsOwwdk+CrX445A/8=
6,19,U8HibCYMYeHAvQlCf0gKdS5K3yk=,TEu98pZRzGRriiKL4BGdTtrtiWQ=
7,19,U8HibCYMYeHAvQlCf0gKdS5K3yk=,TEu98pZRzGRriiKL4BGdTtrtiWQ=
5,18,U8HibCYMYeHAvQlCf0gKdS5K3yk=,0ZUDFeM803TsOwwdk+CrX445A/8=
7,16,bYUYB6pOVPr8qqHIB3IqE5yPBf0=,7V5z48cn3gA++GkqnCrJuVpxjdg=
7,17,bYUYB6pOVPr8qqHIB3IqE5yPBf0=,7V5z48cn3gA++GkqnCrJuVpxjdg=
6,16,bYUYB6pOVPr8qqHIB3IqE5yPBf0=,7V5z48cn3gA++GkqnCrJuVpxjdg=
6,18,U8HibCYMYeHAvQlCf0gKdS5K3yk=,TEu98pZRzGRriiKL4BGdTtrtiWQ=
5,17,U8HibCYMYeHAvQlCf0gKdS5K3yk=,gBUpdQR04XsqKOlJSgccZma9EPA=
5,16,U8HibCYMYeHAvQlCf0gKdS5K3yk=,gBUpdQR04XsqKOlJSgccZma9EPA=
7,18,U8HibCYMYeHAvQlCf0gKdS5K3yk=,TEu98pZRzGRriiKL4BGdTtrtiWQ=
6,17,bYUYB6pOVPr8qqHIB3IqE5yPBf0=,7V5z48cn3gA++GkqnCrJuVpxjdg=
17,0,U8HibCYMYeHAvQlCf0gKdS5K3yk=,InO70T8S4kaBI9kMHq0muZFnv/8=
16,0,U8HibCYMYeHAvQlCf0gKdS5K3yk=,InO70T8S4kaBI9kMHq0muZFnv/8=
16,2,U8HibCYMYeHAvQlCf0gKdS5K3yk=,sin1/3PgZJindBxFGX+et02qNdw=
17,1,U8HibCYMYeHAvQlCf0gKdS5K3yk=,InO70T8S4kaBI9kMHq0muZFnv/8=
17,3,U8HibCYMYeHAvQlCf0gKdS5K3yk=,sin1/3PgZJindBxFGX+et02qNdw=
17,2,U8HibCYMYeHAvQlCf0gKdS5K3yk=,sin1/3PgZJindBxFGX+et02qNdw=
16,3,U8HibCYMYeHAvQlCf0gKdS5K3yk=,sin1/3PgZJindBxFGX+et02qNdw=
16,1,U8HibCYMYeHAvQlCf0gKdS5K3yk=,InO70T8S4kaBI9kMHq0muZFnv/8=
17,6,U8HibCYMYeHAvQlCf0gKdS5K3yk=,hoEA9p1YhG7eRY3QYZM5HPHgIcg=
16,6,U8HibCYMYeHAvQlCf0gKdS5K3yk=,hoEA9p1YhG7eRY3QYZM5HPHgIcg=
16,7,U8HibCYMYeHAvQlCf0gKdS5K3yk=,hoEA9p1YhG7eRY3QYZM5HPHgIcg=
17,7,U8HibCYMYeHAvQlCf0gKdS5K3yk=,hoEA9p1YhG7eRY3QYZM5HPHgIcg=
9,13,vbIpnUzPjorSRXon2VjQDvx/hXY=,DVcjl/xcXyFNh8HsmnMA+sKMC5E=
8,12,vbIpnUzPjorSRXon2VjQDvx/hXY=,DVcjl/xcXyFNh8HsmnMA+sKMC5E=
9,12,vbIpnUzPjorSRXon2VjQDvx/hXY=,DVcjl/xcXyFNh8HsmnMA+sKMC5E=
8,13,vbIpnUzPjorSRXon2VjQDvx/hXY=,DVcjl/xcXyFNh8HsmnMA+sKMC5E=
14,10,8WQIZXySErDmjxmG9L/nIHZ1hGo=,ct75MzgBDAfi1cA5EjL/QnpJrSk=
14,9,kd1eG9TdBDQlywlU+sqcslo5uko=,uSSrsndPD1llXjkVVdb7fF1iHD8=
15,9,kd1eG9TdBDQlywlU+sqcslo5uko=,uSSrsndPD1llXjkVVdb7fF1iHD8=
15,10,8WQIZXySErDmjxmG9L/nIHZ1hGo=,ct75MzgBDAfi1cA5EjL/QnpJrSk=
14,11,8WQIZXySErDmjxmG9L/nIHZ1hGo=,ct75MzgBDAfi1cA5EjL/QnpJrSk=
15,11,8WQIZXySErDmjxmG9L/nIHZ1hGo=,ct75MzgBDAfi1cA5EjL/QnpJrSk=
14,8,kd1eG9TdBDQlywlU+sqcslo5uko=,uSSrsndPD1llXjkVVdb7fF1iHD8=
15,8,kd1eG9TdBDQlywlU+sqcslo5uko=,uSSrsndPD1llXjkVVdb7fF1iHD8=
12,21,YeQtFQVkrfLfUGHXiJaUwMb/CgM=,ZAUL6jTusjxEdCm7+mhbn2wgntY=
12,20,YeQtFQVkrfLfUGHXiJaUwMb/CgM=,ZAUL6jTusjxEdCm7+mhbn2wgntY=
12,18,YeQtFQVkrfLfUGHXiJaUwMb/CgM=,ZW1GPX7vvEdVzcWqIhtt7c5vCzw=
12,19,YeQtFQVkrfLfUGHXiJaUwMb/CgM=,ZW1GPX7vvEdVzcWqIhtt7c5vCzw=
13,21,YeQtFQVkrfLfUGHXiJaUwMb/CgM=,ZAUL6jTusjxEdCm7+mhbn2wgntY=
14,21,YeQtFQVkrfLfUGHXiJaUwMb/CgM=,DzrxhfGpXGdJIVY6rrTPbT2PBdM=
15,21,YeQtFQVkrfLfUGHXiJaUwMb/CgM=,DzrxhfGpXGdJIVY6rrTPbT2PBdM=
14,18,YeQtFQVkrfLfUGHXiJaUwMb/CgM=,FIO8Qc8njJDndyawOKF9E6qROk0=
14,20,YeQtFQVkrfLfUGHXiJaUwMb/CgM=,DzrxhfGpXGdJIVY6rrTPbT2PBdM=
15,19,YeQtFQVkrfLfUGHXiJaUwMb/CgM=,FIO8Qc8njJDndyawOKF9E6qROk0=
13,18,YeQtFQVkrfLfUGHXiJaUwMb/CgM=,ZW1GPX7vvEdVzcWqIhtt7c5vCzw=
15,20,YeQtFQVkrfLfUGHXiJaUwMb/CgM=,DzrxhfGpXGdJIVY6rrTPbT2PBdM=
13,19,YeQtFQVkrfLfUGHXiJaUwMb/CgM=,ZW1GPX7vvEdVzcWqIhtt7c5vCzw=
15,18,YeQtFQVkrfLfUGHXiJaUwMb/CgM=,FIO8Qc8njJDndyawOKF9E6qROk0=
13,20,YeQtFQVkrfLfUGHXiJaUwMb/CgM=,ZAUL6jTusjxEdCm7+mhbn2wgntY=
14,19,YeQtFQVkrfLfUGHXiJaUwMb/CgM=,FIO8Qc8njJDndyawOKF9E6qROk0=
23,4,z5C0GchtERPJsTO0wrPyAWxt2u8=,2EJbZG0yuFe/bwGcf58UGxyIncc=
20,4,z5C0GchtERPJsTO0wrPyAWxt2u8=,ipWQ5bOEHKtwxkWrLBzlpzm/Ocg=
22,4,z5C0GchtERPJsTO0wrPyAWxt2u8=,2EJbZG0yuFe/bwGcf58UGxyIncc=
21,4,z5C0GchtERPJsTO0wrPyAWxt2u8=,ipWQ5bOEHKtwxkWrLBzlpzm/Ocg=
23,6,z5C0GchtERPJsTO0wrPyAWxt2u8=,zaOrLKZU/6n9A9s/i9ON++pUdbc=
23,7,z5C0GchtERPJsTO0wrPyAWxt2u8=,zaOrLKZU/6n9A9s/i9ON++pUdbc=
23,5,z5C0GchtERPJsTO0wrPyAWxt2u8=,2EJbZG0yuFe/bwGcf58UGxyIncc=
22,6,z5C0GchtERPJsTO0wrPyAWxt2u8=,zaOrLKZU/6n9A9s/i9ON++pUdbc=
22,5,z5C0GchtERPJsTO0wrPyAWxt2u8=,2EJbZG0yuFe/bwGcf58UGxyIncc=
20,5,z5C0GchtERPJsTO0wrPyAWxt2u8=,ipWQ5bOEHKtwxkWrLBzlpzm/Ocg=
21,7,z5C0GchtERPJsTO0wrPyAWxt2u8=,XLFxigjQow5ayUdKyAnFhg/fGVo=
22,7,z5C0GchtERPJsTO0wrPyAWxt2u8=,zaOrLKZU/6n9A9s/i9ON++pUdbc=
20,6,z5C0GchtERPJsTO0wrPyAWxt2u8=,XLFxigjQow5ayUdKyAnFhg/fGVo=
21,5,z5C0GchtERPJsTO0wrPyAWxt2u8=,ipWQ5bOEHKtwxkWrLBzlpzm/Ocg=
20,7,z5C0GchtERPJsTO0wrPyAWxt2u8=,XLFxigjQow5ayUdKyAnFhg/fGVo=
21,6,z5C0GchtERPJsTO0wrPyAWxt2u8=,XLFxigjQow5ayUdKyAnFhg/fGVo=
14,14,pWOraqmC7kkc43QeIUqDftPnlf8=,feZfaDBUL23iRfgxVEpUKNSknfc=
15,15,pWOraqmC7kkc43QeIUqDftPnlf8=,feZfaDBUL23iRfgxVEpUKNSknfc=
15,14,pWOraqmC7kkc43QeIUqDftPnlf8=,feZfaDBUL23iRfgxVEpUKNSknfc=
14,15,pWOraqmC7kkc43QeIUqDftPnlf8=,feZfaDBUL23iRfgxVEpUKNSknfc=
15,16,GeCMDNV23yPULJZvQ3Mc27fs1F8=,enusPsyd6UlUmGAENCiFZ33EdFA=
14,16,GeCMDNV23yPULJZvQ3Mc27fs1F8=,enusPsyd6UlUmGAENCiFZ33EdFA=
14,17,GeCMDNV23yPULJZvQ3Mc27fs1F8=,enusPsyd6UlUmGAENCiFZ33EdFA=
15,17,GeCMDNV23yPULJZvQ3Mc27fs1F8=,enusPsyd6UlUmGAENCiFZ33EdFA=
17,17,GeCMDNV23yPULJZvQ3Mc27fs1F8=,EkrHO8JS9y4WhO2uiv14mxQZ+Q0=
16,17,GeCMDNV23yPULJZvQ3Mc27fs1F8=,EkrHO8JS9y4WhO2uiv14mxQZ+Q0=
16,16,GeCMDNV23yPULJZvQ3Mc27fs1F8=,EkrHO8JS9y4WhO2uiv14mxQZ+Q0=
17,16,GeCMDNV23yPULJZvQ3Mc27fs1F8=,EkrHO8JS9y4WhO2uiv14mxQZ+Q0=
16,14,GeCMDNV23yPULJZvQ3Mc27fs1F8=,/hex7TgcuMPcctIgt7vHbAt3UVM=
17,14,GeCMDNV23yPULJZvQ3Mc27fs1F8=,/hex7TgcuMPcctIgt7vHbAt3UVM=
17,15,GeCMDNV23yPULJZvQ3Mc27fs1F8=,/hex7TgcuMPcctIgt7vHbAt3UVM=
16,15,GeCMDNV23yPULJZvQ3Mc27fs1F8=,/hex7TgcuMPcctIgt7vHbAt3UVM=
13,0,W5j/uXBm7Mjk/CHorKeoN0e/CDU=,25xQPspjFlT9qcAtQSiyJ/sPyhI=
12,0,W5j/uXBm7Mjk/CHorKeoN0e/CDU=,25xQPspjFlT9qcAtQSiyJ/sPyhI=
12,1,W5j/uXBm7Mjk/CHorKeoN0e/CDU=,25xQPspjFlT9qcAtQSiyJ/sPyhI=
13,1,W5j/uXBm7Mjk/CHorKeoN0e/CDU=,25xQPspjFlT9qcAtQSiyJ/sPyhI=
12,7,4Pu6RR7PSM2mDytP1NixQ9e11wM=,uDAAgZd8jLZcKAA/ai6YpqahycY=
12,10,4Pu6RR7PSM2mDytP1NixQ9e11wM=,NTkttTG/YCWV7zmHn6rvTBzr2U4=
12,9,4Pu6RR7PSM2mDytP1NixQ9e11wM=,JEbLz1+xxDYFuzv4dLMq8xE6C1E=
12,8,4Pu6RR7PSM2mDytP1NixQ9e11wM=,JEbLz1+xxDYFuzv4dLMq8xE6C1E=
12,11,J3HRUKNfEXpMYWUcZwK0Dw+0pEo=,NTkttTG/YCWV7zmHn6rvTBzr2U4=
12,6,J3HRUKNfEXpMYWUcZwK0Dw+0pEo=,uDAAgZd8jLZcKAA/ai6YpqahycY=
13,7,J3HRUKNfEXpMYWUcZwK0Dw+0pEo=,uDAAgZd8jLZcKAA/ai6YpqahycY=
13,8,J3HRUKNfEXpMYWUcZwK0Dw+0pEo=,JEbLz1+xxDYFuzv4dLMq8xE6C1E=
13,10,J3HRUKNfEXpMYWUcZwK0Dw+0pEo=,NTkttTG/YCWV7zmHn6rvTBzr2U4=
13,9,J3HRUKNfEXpMYWUcZwK0Dw+0pEo=,JEbLz1+xxDYFuzv4dLMq8xE6C1E=
13,6,J3HRUKNfEXpMYWUcZwK0Dw+0pEo=,uDAAgZd8jLZcKAA/ai6YpqahycY=
13,11,J3HRUKNfEXpMYWUcZwK0Dw+0pEo=,NTkttTG/YCWV7zmHn6rvTBzr2U4=
