-18,-4,lnPIIKbGIJ9pF0dPGkDchKR4QKI=,pDIr9Ige8bX2dVeUgWoNsly6zyA=
-17,-4,+WFtT6URMRJSc1fEXYHp1x+VsXM=,pDIr9Ige8bX2dVeUgWoNsly6zyA=
-18,-2,lnPIIKbGIJ9pF0dPGkDchKR4QKI=,XZrcWhPkVxnjVtMRRuVXVkS37jw=
-17,-1,+WFtT6URMRJSc1fEXYHp1x+VsXM=,XZrcWhPkVxnjVtMRRuVXVkS37jw=
-18,-1,+WFtT6URMRJSc1fEXYHp1x+VsXM=,XZrcWhPkVxnjVtMRRuVXVkS37jw=
-17,-2,+WFtT6URMRJSc1fEXYHp1x+VsXM=,XZrcWhPkVxnjVtMRRuVXVkS37jw=
-18,-3,lnPIIKbGIJ9pF0dPGkDchKR4QKI=,pDIr9Ige8bX2dVeUgWoNsly6zyA=
-17,-3,+WFtT6URMRJSc1fEXYHp1x+VsXM=,pDIr9Ige8bX2dVeUgWoNsly6zyA=
-2,-8,+G7yfnOKg++v3IodK4y3cWO33mc=,T/eSqL86bnka7BFjqJr3MU4zDB0=
-2,-9,+G7yfnOKg++v3IodK4y3cWO33mc=,T/eSqL86bnka7BFjqJr3MU4zDB0=
-3,-8,9P8hLGDq8ShEKUbq5LlAMmgHSJ0=,LzSnEa2DLFH8y1AduVPPA2DQ7hU=
-3,-9,9P8hLGDq8ShEKUbq5LlAMmgHSJ0=,orHELEKF+g0YJwxNjKFJKT95ADw=
-2,-7,+G7yfnOKg++v3IodK4y3cWO33mc=,T/eSqL86bnka7BFjqJr3MU4zDB0=
-3,-6,9P8hLGDq8ShEKUbq5LlAMmgHSJ0=,pZuthb51zfotOHt4YRBzc3Sw/+0=
-3,-7,9P8hLGDq8ShEKUbq5LlAMmgHSJ0=,LzSnEa2DLFH8y1AduVPPA2DQ7hU=
-3,-2,O+FJUwGiDOQUa5C4VDMl0+NAwTw=,PipFgTeGGdXa5ZEHOQQYNkevAuw=
-2,-3,mh0SOxzaqyXfigf7i7OjVrOn3no=,sAr1ZIWEZcYNwfa3QVOcnz1R7tc=
-2,-5,RKV9zXU87FeTH6HDNtTgsZzKndk=,RfBbhoZzpPd6h50wmyHAuSPZ+/A=
-2,-2,O+FJUwGiDOQUa5C4VDMl0+NAwTw=,ugbA78qVl6gdw5wr+eTM2bJTqXM=
-2,-4,9P8hLGDq8ShEKUbq5LlAMmgHSJ0=,sAr1ZIWEZcYNwfa3QVOcnz1R7tc=
-2,-6,+G7yfnOKg++v3IodK4y3cWO33mc=,RfBbhoZzpPd6h50wmyHAuSPZ+/A=
-3,-4,MD6NuFS4M2VQmz5JcUnk3uY9vzU=,9ic52+ue5g0+8UH7X8Aq2h0+9B0=
-3,-3,MD6NuFS4M2VQmz5JcUnk3uY9vzU=,9ic52+ue5g0+8UH7X8Aq2h0+9B0=
-3,-5,9P8hLGDq8ShEKUbq5LlAMmgHSJ0=,pZuthb51zfotOHt4YRBzc3Sw/+0=
-5,-3,2MQ2oBUD4YSUzoE/MbApyOB9rWc=,rzl/bWJ9sdnkFjpWgLcJbvttXtI=
-4,-3,2MQ2oBUD4YSUzoE/MbApyOB9rWc=,9ic52+ue5g0+8UH7X8Aq2h0+9B0=
-5,-2,O+FJUwGiDOQUa5C4VDMl0+NAwTw=,O83YX4ujsGW9r9BHxizoPAh09O0=
-4,-2,O+FJUwGiDOQUa5C4VDMl0+NAwTw=,PipFgTeGGdXa5ZEHOQQYNkevAuw=
-5,-4,MD6NuFS4M2VQmz5JcUnk3uY9vzU=,rzl/bWJ9sdnkFjpWgLcJbvttXtI=
-4,-5,6niGUSw1UliEWWjbeTlZgMD8tlY=,pZuthb51zfotOHt4YRBzc3Sw/+0=
-5,-5,MD6NuFS4M2VQmz5JcUnk3uY9vzU=,8TWfxs8DRvyJarVi28ONZz1cbpE=
-4,-4,MD6NuFS4M2VQmz5JcUnk3uY9vzU=,9ic52+ue5g0+8UH7X8Aq2h0+9B0=
-5,-7,6niGUSw1UliEWWjbeTlZgMD8tlY=,2MxyY7u9uevDvc38S5JRBVWKLnw=
-5,-6,MD6NuFS4M2VQmz5JcUnk3uY9vzU=,8TWfxs8DRvyJarVi28ONZz1cbpE=
-4,-6,6niGUSw1UliEWWjbeTlZgMD8tlY=,pZuthb51zfotOHt4YRBzc3Sw/+0=
-4,-7,6niGUSw1UliEWWjbeTlZgMD8tlY=,LzSnEa2DLFH8y1AduVPPA2DQ7hU=
-7,-6,MD6NuFS4M2VQmz5JcUnk3uY9vzU=,LymL+OGFTMqgUqWhj5WsXgz/iy4=
-7,-7,8HlWAPI8/XYZ2RYXvnDdLaE+j9U=,PPvOeeZjspY8k7kRS5flU/Y84jU=
-6,-7,8HlWAPI8/XYZ2RYXvnDdLaE+j9U=,2MxyY7u9uevDvc38S5JRBVWKLnw=
-6,-6,MD6NuFS4M2VQmz5JcUnk3uY9vzU=,8TWfxs8DRvyJarVi28ONZz1cbpE=
-8,-6,MD6NuFS4M2VQmz5JcUnk3uY9vzU=,LymL+OGFTMqgUqWhj5WsXgz/iy4=
-8,-7,xKbAKGwmP5C0ZgZApucCoCyqP24=,PPvOeeZjspY8k7kRS5flU/Y84jU=
-9,-6,MD6NuFS4M2VQmz5JcUnk3uY9vzU=,u9Ta3KT2DzJ8e+rzlTKADuOn2Fo=
-9,-7,MD6NuFS4M2VQmz5JcUnk3uY9vzU=,fdZRTWC77t4m1PErmW1cBLLJ5AE=
-10,-6,MD6NuFS4M2VQmz5JcUnk3uY9vzU=,u9Ta3KT2DzJ8e+rzlTKADuOn2Fo=
-10,-7,MD6NuFS4M2VQmz5JcUnk3uY9vzU=,fdZRTWC77t4m1PErmW1cBLLJ5AE=
-11,-6,MD6NuFS4M2VQmz5JcUnk3uY9vzU=,+oLZgi3HZf4dqkVcC8z9x5D6chc=
-11,-7,MD6NuFS4M2VQmz5JcUnk3uY9vzU=,s3QSem97yFNk27Xg5nfVMctZQ8Y=
-13,-4,pEOcWQBWvyWcZ/obd0BFl3MvqSI=,5HIZzvnU9JmI3F4iioEDCNgzKaQ=
-12,-4,pEOcWQBWvyWcZ/obd0BFl3MvqSI=,cRbtPquK8Xhk6MyHJ3IoG85K2Js=
-13,-5,pEOcWQBWvyWcZ/obd0BFl3MvqSI=,yFbiBTCqV7oswUQ+Zv2slIb+ia0=
-12,-5,pEOcWQBWvyWcZ/obd0BFl3MvqSI=,+oLZgi3HZf4dqkVcC8z9x5D6chc=
-10,-4,2MQ2oBUD4YSUzoE/MbApyOB9rWc=,TQAlpGeIgCwU2R97fjEgO5q/bi4=
-11,-4,2MQ2oBUD4YSUzoE/MbApyOB9rWc=,cRbtPquK8Xhk6MyHJ3IoG85K2Js=
-10,-5,2MQ2oBUD4YSUzoE/MbApyOB9rWc=,u9Ta3KT2DzJ8e+rzlTKADuOn2Fo=
-11,-5,2MQ2oBUD4YSUzoE/MbApyOB9rWc=,+oLZgi3HZf4dqkVcC8z9x5D6chc=
-11,-2,JhoZUYSGcIb+IwJQ7/HUD+D6YsM=,CwPiZY9EpUW8N+piwtGEmF+1Yi8=
-7,-4,2MQ2oBUD4YSUzoE/MbApyOB9rWc=,HesUSbvMu29/h1fHT0Nb8qUEPBg=
-11,-3,MD6NuFS4M2VQmz5JcUnk3uY9vzU=,cRbtPquK8Xhk6MyHJ3IoG85K2Js=
-8,-4,2MQ2oBUD4YSUzoE/MbApyOB9rWc=,HesUSbvMu29/h1fHT0Nb8qUEPBg=
-10,-3,MD6NuFS4M2VQmz5JcUnk3uY9vzU=,TQAlpGeIgCwU2R97fjEgO5q/bi4=
-7,-5,2MQ2oBUD4YSUzoE/MbApyOB9rWc=,LymL+OGFTMqgUqWhj5WsXgz/iy4=
-10,-2,JhoZUYSGcIb+IwJQ7/HUD+D6YsM=,IdI2mkEQtqv3PYOZPsJ31n8+XL4=
-8,-5,2MQ2oBUD4YSUzoE/MbApyOB9rWc=,LymL+OGFTMqgUqWhj5WsXgz/iy4=
-6,-4,2MQ2oBUD4YSUzoE/MbApyOB9rWc=,rzl/bWJ9sdnkFjpWgLcJbvttXtI=
-6,-5,2MQ2oBUD4YSUzoE/MbApyOB9rWc=,8TWfxs8DRvyJarVi28ONZz1cbpE=
-9,-4,2MQ2oBUD4YSUzoE/MbApyOB9rWc=,TQAlpGeIgCwU2R97fjEgO5q/bi4=
-9,-5,2MQ2oBUD4YSUzoE/MbApyOB9rWc=,u9Ta3KT2DzJ8e+rzlTKADuOn2Fo=
-5,-1,O+FJUwGiDOQUa5C4VDMl0+NAwTw=,O83YX4ujsGW9r9BHxizoPAh09O0=
-4,-1,O+FJUwGiDOQUa5C4VDMl0+NAwTw=,PipFgTeGGdXa5ZEHOQQYNkevAuw=
-2,-1,O+FJUwGiDOQUa5C4VDMl0+NAwTw=,ugbA78qVl6gdw5wr+eTM2bJTqXM=
-3,-1,O+FJUwGiDOQUa5C4VDMl0+NAwTw=,PipFgTeGGdXa5ZEHOQQYNkevAuw=
-10,-1,JhoZUYSGcIb+IwJQ7/HUD+D6YsM=,IdI2mkEQtqv3PYOZPsJ31n8+XL4=
-11,-1,JhoZUYSGcIb+IwJQ7/HUD+D6YsM=,CwPiZY9EpUW8N+piwtGEmF+1Yi8=
-1,-5,+G7yfnOKg++v3IodK4y3cWO33mc=,RfBbhoZzpPd6h50wmyHAuSPZ+/A=
-1,-4,9P8hLGDq8ShEKUbq5LlAMmgHSJ0=,sAr1ZIWEZcYNwfa3QVOcnz1R7tc=
-1,-3,9P8hLGDq8ShEKUbq5LlAMmgHSJ0=,sAr1ZIWEZcYNwfa3QVOcnz1R7tc=
-1,-2,O+FJUwGiDOQUa5C4VDMl0+NAwTw=,ugbA78qVl6gdw5wr+eTM2bJTqXM=
-1,-1,O+FJUwGiDOQUa5C4VDMl0+NAwTw=,ugbA78qVl6gdw5wr+eTM2bJTqXM=
-7,-1,JhoZUYSGcIb+IwJQ7/HUD+D6YsM=,poPFpRsbo0FuGEHigDNRI9tdQfs=
-8,-1,JhoZUYSGcIb+IwJQ7/HUD+D6YsM=,poPFpRsbo0FuGEHigDNRI9tdQfs=
-7,-2,di8CyAvyYN77LqocMHVDRvdk4xA=,poPFpRsbo0FuGEHigDNRI9tdQfs=
-8,-2,di8CyAvyYN77LqocMHVDRvdk4xA=,poPFpRsbo0FuGEHigDNRI9tdQfs=
-7,-3,MD6NuFS4M2VQmz5JcUnk3uY9vzU=,HesUSbvMu29/h1fHT0Nb8qUEPBg=
-8,-3,MD6NuFS4M2VQmz5JcUnk3uY9vzU=,HesUSbvMu29/h1fHT0Nb8qUEPBg=
-6,-3,MD6NuFS4M2VQmz5JcUnk3uY9vzU=,rzl/bWJ9sdnkFjpWgLcJbvttXtI=
-6,-1,O+FJUwGiDOQUa5C4VDMl0+NAwTw=,O83YX4ujsGW9r9BHxizoPAh09O0=
-6,-2,O+FJUwGiDOQUa5C4VDMl0+NAwTw=,O83YX4ujsGW9r9BHxizoPAh09O0=
-9,-3,MD6NuFS4M2VQmz5JcUnk3uY9vzU=,TQAlpGeIgCwU2R97fjEgO5q/bi4=
-9,-2,di8CyAvyYN77LqocMHVDRvdk4xA=,IdI2mkEQtqv3PYOZPsJ31n8+XL4=
-9,-1,JhoZUYSGcIb+IwJQ7/HUD+D6YsM=,IdI2mkEQtqv3PYOZPsJ31n8+XL4=
-13,-3,MD6NuFS4M2VQmz5JcUnk3uY9vzU=,5HIZzvnU9JmI3F4iioEDCNgzKaQ=
-12,-2,JhoZUYSGcIb+IwJQ7/HUD+D6YsM=,CwPiZY9EpUW8N+piwtGEmF+1Yi8=
-13,-2,MD6NuFS4M2VQmz5JcUnk3uY9vzU=,rJ8iw0HzLDwMKCFqIpiFjFSob1I=
-12,-3,MD6NuFS4M2VQmz5JcUnk3uY9vzU=,cRbtPquK8Xhk6MyHJ3IoG85K2Js=
-13,-1,MD6NuFS4M2VQmz5JcUnk3uY9vzU=,rJ8iw0HzLDwMKCFqIpiFjFSob1I=
-12,-1,JhoZUYSGcIb+IwJQ7/HUD+D6YsM=,CwPiZY9EpUW8N+piwtGEmF+1Yi8=
-15,-1,pEOcWQBWvyWcZ/obd0BFl3MvqSI=,sGnEfsWy/vkyxE1SESbywvyDUZ0=
-16,-1,MD6NuFS4M2VQmz5JcUnk3uY9vzU=,sGnEfsWy/vkyxE1SESbywvyDUZ0=
-15,-2,pEOcWQBWvyWcZ/obd0BFl3MvqSI=,sGnEfsWy/vkyxE1SESbywvyDUZ0=
-16,-2,pEOcWQBWvyWcZ/obd0BFl3MvqSI=,sGnEfsWy/vkyxE1SESbywvyDUZ0=
-15,-3,pEOcWQBWvyWcZ/obd0BFl3MvqSI=,/aqJzZeOWuTBVR0TgxjwH4cMHTg=
-16,-3,pEOcWQBWvyWcZ/obd0BFl3MvqSI=,/aqJzZeOWuTBVR0TgxjwH4cMHTg=
-14,-3,pEOcWQBWvyWcZ/obd0BFl3MvqSI=,5HIZzvnU9JmI3F4iioEDCNgzKaQ=
-14,-2,pEOcWQBWvyWcZ/obd0BFl3MvqSI=,rJ8iw0HzLDwMKCFqIpiFjFSob1I=
-14,-1,pEOcWQBWvyWcZ/obd0BFl3MvqSI=,rJ8iw0HzLDwMKCFqIpiFjFSob1I=
-8,-12,xKbAKGwmP5C0ZgZApucCoCyqP24=,1/FiF/CyNdlGK7+qzW1xBzQx6Ik=
-8,-13,xKbAKGwmP5C0ZgZApucCoCyqP24=,eKA2P27oFDj2CAAKKAGGGPZXXws=
-9,-12,xKbAKGwmP5C0ZgZApucCoCyqP24=,I0CTQfUys0v96j+v9OtQRaDmrmU=
-9,-13,xKbAKGwmP5C0ZgZApucCoCyqP24=,bVOMP9Qoryky2SWF3if6vRwXc8c=
-11,-12,xKbAKGwmP5C0ZgZApucCoCyqP24=,XtsHBPTNETETH8bnW9AyifEbQ9k=
-10,-12,xKbAKGwmP5C0ZgZApucCoCyqP24=,I0CTQfUys0v96j+v9OtQRaDmrmU=
-11,-13,xKbAKGwmP5C0ZgZApucCoCyqP24=,jJ1nMZSMxFyzDGz1EEcaZKu/aHQ=
-10,-13,xKbAKGwmP5C0ZgZApucCoCyqP24=,bVOMP9Qoryky2SWF3if6vRwXc8c=
-10,-8,MD6NuFS4M2VQmz5JcUnk3uY9vzU=,fdZRTWC77t4m1PErmW1cBLLJ5AE=
-11,-9,9P8hLGDq8ShEKUbq5LlAMmgHSJ0=,6kTBrUWqm6b6i9iiopa8I+4ozo0=
-11,-8,MD6NuFS4M2VQmz5JcUnk3uY9vzU=,s3QSem97yFNk27Xg5nfVMctZQ8Y=
-10,-11,9P8hLGDq8ShEKUbq5LlAMmgHSJ0=,I0CTQfUys0v96j+v9OtQRaDmrmU=
-11,-11,9P8hLGDq8ShEKUbq5LlAMmgHSJ0=,XtsHBPTNETETH8bnW9AyifEbQ9k=
-11,-10,9P8hLGDq8ShEKUbq5LlAMmgHSJ0=,6kTBrUWqm6b6i9iiopa8I+4ozo0=
-10,-10,9P8hLGDq8ShEKUbq5LlAMmgHSJ0=,Relylfnt2VSY/cQH52NG5ectCxM=
-10,-9,9P8hLGDq8ShEKUbq5LlAMmgHSJ0=,Relylfnt2VSY/cQH52NG5ectCxM=
-7,-12,xKbAKGwmP5C0ZgZApucCoCyqP24=,1/FiF/CyNdlGK7+qzW1xBzQx6Ik=
-7,-13,xKbAKGwmP5C0ZgZApucCoCyqP24=,eKA2P27oFDj2CAAKKAGGGPZXXws=
-6,-12,xKbAKGwmP5C0ZgZApucCoCyqP24=,77Y8PhieKvjMVtYqptA44rsojmg=
-12,-13,9P8hLGDq8ShEKUbq5LlAMmgHSJ0=,jJ1nMZSMxFyzDGz1EEcaZKu/aHQ=
-12,-12,9P8hLGDq8ShEKUbq5LlAMmgHSJ0=,XtsHBPTNETETH8bnW9AyifEbQ9k=
-12,-10,9P8hLGDq8ShEKUbq5LlAMmgHSJ0=,6kTBrUWqm6b6i9iiopa8I+4ozo0=
-12,-11,9P8hLGDq8ShEKUbq5LlAMmgHSJ0=,XtsHBPTNETETH8bnW9AyifEbQ9k=
-12,-8,MD6NuFS4M2VQmz5JcUnk3uY9vzU=,s3QSem97yFNk27Xg5nfVMctZQ8Y=
-12,-9,9P8hLGDq8ShEKUbq5LlAMmgHSJ0=,6kTBrUWqm6b6i9iiopa8I+4ozo0=
-13,-6,2qAxOTFLMbOR6tO2KT/VB0f+2aE=,yFbiBTCqV7oswUQ+Zv2slIb+ia0=
-12,-6,2qAxOTFLMbOR6tO2KT/VB0f+2aE=,+oLZgi3HZf4dqkVcC8z9x5D6chc=
-12,-7,2qAxOTFLMbOR6tO2KT/VB0f+2aE=,s3QSem97yFNk27Xg5nfVMctZQ8Y=
-1,-10,+G7yfnOKg++v3IodK4y3cWO33mc=,T/eSqL86bnka7BFjqJr3MU4zDB0=
-15,-4,pEOcWQBWvyWcZ/obd0BFl3MvqSI=,/aqJzZeOWuTBVR0TgxjwH4cMHTg=
-14,-4,pEOcWQBWvyWcZ/obd0BFl3MvqSI=,5HIZzvnU9JmI3F4iioEDCNgzKaQ=
-14,-5,pEOcWQBWvyWcZ/obd0BFl3MvqSI=,yFbiBTCqV7oswUQ+Zv2slIb+ia0=
-14,-6,MD6NuFS4M2VQmz5JcUnk3uY9vzU=,yFbiBTCqV7oswUQ+Zv2slIb+ia0=
-5,-12,9P8hLGDq8ShEKUbq5LlAMmgHSJ0=,77Y8PhieKvjMVtYqptA44rsojmg=
-4,-12,9P8hLGDq8ShEKUbq5LlAMmgHSJ0=,ec4RPit+1X/SAig6ZhBEaYx+t8s=
-3,-12,9P8hLGDq8ShEKUbq5LlAMmgHSJ0=,ec4RPit+1X/SAig6ZhBEaYx+t8s=
-3,-11,9P8hLGDq8ShEKUbq5LlAMmgHSJ0=,ec4RPit+1X/SAig6ZhBEaYx+t8s=
-3,-10,9P8hLGDq8ShEKUbq5LlAMmgHSJ0=,orHELEKF+g0YJwxNjKFJKT95ADw=
-2,-10,+G7yfnOKg++v3IodK4y3cWO33mc=,T/eSqL86bnka7BFjqJr3MU4zDB0=
-8,-9,xKbAKGwmP5C0ZgZApucCoCyqP24=,0A/WfSPtgGETJTb47qMolawVUiA=
-8,-10,xKbAKGwmP5C0ZgZApucCoCyqP24=,0A/WfSPtgGETJTb47qMolawVUiA=
-8,-11,xKbAKGwmP5C0ZgZApucCoCyqP24=,1/FiF/CyNdlGK7+qzW1xBzQx6Ik=
-1,-9,+G7yfnOKg++v3IodK4y3cWO33mc=,T/eSqL86bnka7BFjqJr3MU4zDB0=
-1,-6,+G7yfnOKg++v3IodK4y3cWO33mc=,RfBbhoZzpPd6h50wmyHAuSPZ+/A=
-1,-8,+G7yfnOKg++v3IodK4y3cWO33mc=,T/eSqL86bnka7BFjqJr3MU4zDB0=
-8,-8,xKbAKGwmP5C0ZgZApucCoCyqP24=,PPvOeeZjspY8k7kRS5flU/Y84jU=
-9,-11,xKbAKGwmP5C0ZgZApucCoCyqP24=,I0CTQfUys0v96j+v9OtQRaDmrmU=
-9,-10,xKbAKGwmP5C0ZgZApucCoCyqP24=,Relylfnt2VSY/cQH52NG5ectCxM=
-1,-7,+G7yfnOKg++v3IodK4y3cWO33mc=,T/eSqL86bnka7BFjqJr3MU4zDB0=
-9,-8,MD6NuFS4M2VQmz5JcUnk3uY9vzU=,fdZRTWC77t4m1PErmW1cBLLJ5AE=
-9,-9,xKbAKGwmP5C0ZgZApucCoCyqP24=,Relylfnt2VSY/cQH52NG5ectCxM=
-12,-14,9P8hLGDq8ShEKUbq5LlAMmgHSJ0=,jJ1nMZSMxFyzDGz1EEcaZKu/aHQ=
-16,-4,MD6NuFS4M2VQmz5JcUnk3uY9vzU=,/aqJzZeOWuTBVR0TgxjwH4cMHTg=
-7,-14,9P8hLGDq8ShEKUbq5LlAMmgHSJ0=,eKA2P27oFDj2CAAKKAGGGPZXXws=
-7,-15,9P8hLGDq8ShEKUbq5LlAMmgHSJ0=,4cngojlDbv/evxxOwvudbrHjIjg=
-7,-16,9P8hLGDq8ShEKUbq5LlAMmgHSJ0=,4cngojlDbv/evxxOwvudbrHjIjg=
-4,-9,8HlWAPI8/XYZ2RYXvnDdLaE+j9U=,orHELEKF+g0YJwxNjKFJKT95ADw=
-7,-9,8HlWAPI8/XYZ2RYXvnDdLaE+j9U=,0A/WfSPtgGETJTb47qMolawVUiA=
-4,-11,8HlWAPI8/XYZ2RYXvnDdLaE+j9U=,ec4RPit+1X/SAig6ZhBEaYx+t8s=
-4,-10,8HlWAPI8/XYZ2RYXvnDdLaE+j9U=,orHELEKF+g0YJwxNjKFJKT95ADw=
-4,-8,8HlWAPI8/XYZ2RYXvnDdLaE+j9U=,LzSnEa2DLFH8y1AduVPPA2DQ7hU=
-7,-10,8HlWAPI8/XYZ2RYXvnDdLaE+j9U=,0A/WfSPtgGETJTb47qMolawVUiA=
-7,-11,8HlWAPI8/XYZ2RYXvnDdLaE+j9U=,1/FiF/CyNdlGK7+qzW1xBzQx6Ik=
-6,-8,8HlWAPI8/XYZ2RYXvnDdLaE+j9U=,2MxyY7u9uevDvc38S5JRBVWKLnw=
-7,-8,8HlWAPI8/XYZ2RYXvnDdLaE+j9U=,PPvOeeZjspY8k7kRS5flU/Y84jU=
-6,-10,8HlWAPI8/XYZ2RYXvnDdLaE+j9U=,FOXhMRUFNlf5mnF/bXAY9sdk+YE=
-5,-8,8HlWAPI8/XYZ2RYXvnDdLaE+j9U=,2MxyY7u9uevDvc38S5JRBVWKLnw=
-5,-11,8HlWAPI8/XYZ2RYXvnDdLaE+j9U=,77Y8PhieKvjMVtYqptA44rsojmg=
-6,-9,8HlWAPI8/XYZ2RYXvnDdLaE+j9U=,FOXhMRUFNlf5mnF/bXAY9sdk+YE=
-5,-10,8HlWAPI8/XYZ2RYXvnDdLaE+j9U=,FOXhMRUFNlf5mnF/bXAY9sdk+YE=
-6,-11,8HlWAPI8/XYZ2RYXvnDdLaE+j9U=,77Y8PhieKvjMVtYqptA44rsojmg=
-5,-9,8HlWAPI8/XYZ2RYXvnDdLaE+j9U=,FOXhMRUFNlf5mnF/bXAY9sdk+YE=
-8,-14,xKbAKGwmP5C0ZgZApucCoCyqP24=,eKA2P27oFDj2CAAKKAGGGPZXXws=
-10,-15,xKbAKGwmP5C0ZgZApucCoCyqP24=,UgFXhviM64VOfm3kBMoUKojMss0=
-8,-15,xKbAKGwmP5C0ZgZApucCoCyqP24=,4cngojlDbv/evxxOwvudbrHjIjg=
-8,-16,9P8hLGDq8ShEKUbq5LlAMmgHSJ0=,4cngojlDbv/evxxOwvudbrHjIjg=
-9,-15,xKbAKGwmP5C0ZgZApucCoCyqP24=,UgFXhviM64VOfm3kBMoUKojMss0=
-11,-14,xKbAKGwmP5C0ZgZApucCoCyqP24=,jJ1nMZSMxFyzDGz1EEcaZKu/aHQ=
-9,-16,9P8hLGDq8ShEKUbq5LlAMmgHSJ0=,UgFXhviM64VOfm3kBMoUKojMss0=
-10,-16,9P8hLGDq8ShEKUbq5LlAMmgHSJ0=,UgFXhviM64VOfm3kBMoUKojMss0=
-10,-14,xKbAKGwmP5C0ZgZApucCoCyqP24=,bVOMP9Qoryky2SWF3if6vRwXc8c=
-9,-14,xKbAKGwmP5C0ZgZApucCoCyqP24=,bVOMP9Qoryky2SWF3if6vRwXc8c=
-2,-12,+G7yfnOKg++v3IodK4y3cWO33mc=,o1qfHV7lqjVw6metufezjTR/Xco=
-1,-11,+G7yfnOKg++v3IodK4y3cWO33mc=,o1qfHV7lqjVw6metufezjTR/Xco=
-1,-12,+G7yfnOKg++v3IodK4y3cWO33mc=,o1qfHV7lqjVw6metufezjTR/Xco=
-2,-11,+G7yfnOKg++v3IodK4y3cWO33mc=,o1qfHV7lqjVw6metufezjTR/Xco=
-6,-13,xKbAKGwmP5C0ZgZApucCoCyqP24=,lpZ9OoBtnyL+nI5BZRZgAJdmls8=
-11,-15,xKbAKGwmP5C0ZgZApucCoCyqP24=,wFvS9o4StUf1S6wFtU18GSZ47tM=
-5,-13,9P8hLGDq8ShEKUbq5LlAMmgHSJ0=,lpZ9OoBtnyL+nI5BZRZgAJdmls8=
-11,-16,9P8hLGDq8ShEKUbq5LlAMmgHSJ0=,wFvS9o4StUf1S6wFtU18GSZ47tM=
-12,-15,9P8hLGDq8ShEKUbq5LlAMmgHSJ0=,wFvS9o4StUf1S6wFtU18GSZ47tM=
-12,-16,9P8hLGDq8ShEKUbq5LlAMmgHSJ0=,wFvS9o4StUf1S6wFtU18GSZ47tM=
-5,-15,9P8hLGDq8ShEKUbq5LlAMmgHSJ0=,BdpUlRN5La3D7F2t/Qur+iYxEUk=
-6,-15,9P8hLGDq8ShEKUbq5LlAMmgHSJ0=,BdpUlRN5La3D7F2t/Qur+iYxEUk=
-5,-16,9P8hLGDq8ShEKUbq5LlAMmgHSJ0=,BdpUlRN5La3D7F2t/Qur+iYxEUk=
-6,-16,9P8hLGDq8ShEKUbq5LlAMmgHSJ0=,BdpUlRN5La3D7F2t/Qur+iYxEUk=
-5,-14,9P8hLGDq8ShEKUbq5LlAMmgHSJ0=,lpZ9OoBtnyL+nI5BZRZgAJdmls8=
-6,-14,9P8hLGDq8ShEKUbq5LlAMmgHSJ0=,lpZ9OoBtnyL+nI5BZRZgAJdmls8=
-11,-24,9P8hLGDq8ShEKUbq5LlAMmgHSJ0=,Bz0iyspa5w0fpIKVLAfXTsYjSPs=
-8,-25,9P8hLGDq8ShEKUbq5LlAMmgHSJ0=,eUemtqz73dK+NsZiqkG/m62mjM8=
-10,-25,9P8hLGDq8ShEKUbq5LlAMmgHSJ0=,D6YrswPBXNjsrEjVi9b5A9hXgew=
-9,-25,9P8hLGDq8ShEKUbq5LlAMmgHSJ0=,D6YrswPBXNjsrEjVi9b5A9hXgew=
-11,-25,9P8hLGDq8ShEKUbq5LlAMmgHSJ0=,7FEPjerecKsH3JLJl1Ej8GWFZTo=
-8,-24,9P8hLGDq8ShEKUbq5LlAMmgHSJ0=,TvDgaJOFIsPTlvpz25SuyZHBzP0=
-9,-24,9P8hLGDq8ShEKUbq5LlAMmgHSJ0=,FdDfkfKrUKCzyhBN9+G8UVUwzmQ=
-10,-24,9P8hLGDq8ShEKUbq5LlAMmgHSJ0=,FdDfkfKrUKCzyhBN9+G8UVUwzmQ=
-9,-22,9P8hLGDq8ShEKUbq5LlAMmgHSJ0=,k1eB8qn1kdwbN3AsYHrfUNQcEN4=
-9,-23,9P8hLGDq8ShEKUbq5LlAMmgHSJ0=,FdDfkfKrUKCzyhBN9+G8UVUwzmQ=
-8,-22,9P8hLGDq8ShEKUbq5LlAMmgHSJ0=,bAgwqKIEZXPca7DuoeSRjVrSw3A=
-8,-23,9P8hLGDq8ShEKUbq5LlAMmgHSJ0=,TvDgaJOFIsPTlvpz25SuyZHBzP0=
-6,-22,9P8hLGDq8ShEKUbq5LlAMmgHSJ0=,1f+/XEkLx3zd5wpmGZoe9qdIQ9M=
-6,-23,9P8hLGDq8ShEKUbq5LlAMmgHSJ0=,l/FvyRdv8/dxVxmVA/iCgu9uWR0=
-7,-22,9P8hLGDq8ShEKUbq5LlAMmgHSJ0=,bAgwqKIEZXPca7DuoeSRjVrSw3A=
-7,-23,9P8hLGDq8ShEKUbq5LlAMmgHSJ0=,TvDgaJOFIsPTlvpz25SuyZHBzP0=
-6,-21,9P8hLGDq8ShEKUbq5LlAMmgHSJ0=,1f+/XEkLx3zd5wpmGZoe9qdIQ9M=
-6,-20,9P8hLGDq8ShEKUbq5LlAMmgHSJ0=,+GDXP2cFvj/IdUFhlBhIdH/ztNA=
-11,-26,9P8hLGDq8ShEKUbq5LlAMmgHSJ0=,7FEPjerecKsH3JLJl1Ej8GWFZTo=
-10,-26,9P8hLGDq8ShEKUbq5LlAMmgHSJ0=,D6YrswPBXNjsrEjVi9b5A9hXgew=
-9,-26,9P8hLGDq8ShEKUbq5LlAMmgHSJ0=,D6YrswPBXNjsrEjVi9b5A9hXgew=
-8,-26,9P8hLGDq8ShEKUbq5LlAMmgHSJ0=,eUemtqz73dK+NsZiqkG/m62mjM8=
-7,-21,9P8hLGDq8ShEKUbq5LlAMmgHSJ0=,bAgwqKIEZXPca7DuoeSRjVrSw3A=
-8,-20,9P8hLGDq8ShEKUbq5LlAMmgHSJ0=,mQZ2xGuok3Tyenrag+2jETCTt/k=
-6,-24,9P8hLGDq8ShEKUbq5LlAMmgHSJ0=,l/FvyRdv8/dxVxmVA/iCgu9uWR0=
-9,-21,9P8hLGDq8ShEKUbq5LlAMmgHSJ0=,k1eB8qn1kdwbN3AsYHrfUNQcEN4=
-9,-20,9P8hLGDq8ShEKUbq5LlAMmgHSJ0=,TwhKJLsvd14SXBd7ZPONwzi9aug=
-7,-26,9P8hLGDq8ShEKUbq5LlAMmgHSJ0=,eUemtqz73dK+NsZiqkG/m62mjM8=
-8,-21,9P8hLGDq8ShEKUbq5LlAMmgHSJ0=,bAgwqKIEZXPca7DuoeSRjVrSw3A=
-7,-25,9P8hLGDq8ShEKUbq5LlAMmgHSJ0=,eUemtqz73dK+NsZiqkG/m62mjM8=
-7,-24,9P8hLGDq8ShEKUbq5LlAMmgHSJ0=,TvDgaJOFIsPTlvpz25SuyZHBzP0=
-10,-19,9P8hLGDq8ShEKUbq5LlAMmgHSJ0=,TwhKJLsvd14SXBd7ZPONwzi9aug=
-10,-18,9P8hLGDq8ShEKUbq5LlAMmgHSJ0=,Iqu4uJfFj1KSos7Lb2kGAoJZzsE=
-10,-17,9P8hLGDq8ShEKUbq5LlAMmgHSJ0=,Iqu4uJfFj1KSos7Lb2kGAoJZzsE=
-5,-21,9P8hLGDq8ShEKUbq5LlAMmgHSJ0=,1f+/XEkLx3zd5wpmGZoe9qdIQ9M=
-5,-20,9P8hLGDq8ShEKUbq5LlAMmgHSJ0=,+GDXP2cFvj/IdUFhlBhIdH/ztNA=
-11,-22,9P8hLGDq8ShEKUbq5LlAMmgHSJ0=,TtBAmV73eyVZ2aDMDyuiUrkBWIo=
-10,-20,9P8hLGDq8ShEKUbq5LlAMmgHSJ0=,TwhKJLsvd14SXBd7ZPONwzi9aug=
-11,-21,9P8hLGDq8ShEKUbq5LlAMmgHSJ0=,TtBAmV73eyVZ2aDMDyuiUrkBWIo=
-11,-23,9P8hLGDq8ShEKUbq5LlAMmgHSJ0=,Bz0iyspa5w0fpIKVLAfXTsYjSPs=
-7,-20,9P8hLGDq8ShEKUbq5LlAMmgHSJ0=,mQZ2xGuok3Tyenrag+2jETCTt/k=
-10,-21,9P8hLGDq8ShEKUbq5LlAMmgHSJ0=,k1eB8qn1kdwbN3AsYHrfUNQcEN4=
-12,-22,9P8hLGDq8ShEKUbq5LlAMmgHSJ0=,TtBAmV73eyVZ2aDMDyuiUrkBWIo=
-12,-25,9P8hLGDq8ShEKUbq5LlAMmgHSJ0=,7FEPjerecKsH3JLJl1Ej8GWFZTo=
-12,-23,9P8hLGDq8ShEKUbq5LlAMmgHSJ0=,Bz0iyspa5w0fpIKVLAfXTsYjSPs=
-12,-24,9P8hLGDq8ShEKUbq5LlAMmgHSJ0=,Bz0iyspa5w0fpIKVLAfXTsYjSPs=
-10,-23,9P8hLGDq8ShEKUbq5LlAMmgHSJ0=,FdDfkfKrUKCzyhBN9+G8UVUwzmQ=
-10,-22,9P8hLGDq8ShEKUbq5LlAMmgHSJ0=,k1eB8qn1kdwbN3AsYHrfUNQcEN4=
-12,-21,9P8hLGDq8ShEKUbq5LlAMmgHSJ0=,TtBAmV73eyVZ2aDMDyuiUrkBWIo=
-5,-22,9P8hLGDq8ShEKUbq5LlAMmgHSJ0=,1f+/XEkLx3zd5wpmGZoe9qdIQ9M=
-5,-24,9P8hLGDq8ShEKUbq5LlAMmgHSJ0=,l/FvyRdv8/dxVxmVA/iCgu9uWR0=
-5,-23,9P8hLGDq8ShEKUbq5LlAMmgHSJ0=,l/FvyRdv8/dxVxmVA/iCgu9uWR0=
-12,-26,9P8hLGDq8ShEKUbq5LlAMmgHSJ0=,7FEPjerecKsH3JLJl1Ej8GWFZTo=
-5,-17,9P8hLGDq8ShEKUbq5LlAMmgHSJ0=,JIjKOUzAcqFZ61Q2UkTSleabI1U=
-5,-18,9P8hLGDq8ShEKUbq5LlAMmgHSJ0=,JIjKOUzAcqFZ61Q2UkTSleabI1U=
-5,-19,9P8hLGDq8ShEKUbq5LlAMmgHSJ0=,+GDXP2cFvj/IdUFhlBhIdH/ztNA=
-9,-19,0BPbmpG3W3qVY0pH5fbuRFs8rfs=,TwhKJLsvd14SXBd7ZPONwzi9aug=
-9,-17,0BPbmpG3W3qVY0pH5fbuRFs8rfs=,Iqu4uJfFj1KSos7Lb2kGAoJZzsE=
-6,-19,0BPbmpG3W3qVY0pH5fbuRFs8rfs=,+GDXP2cFvj/IdUFhlBhIdH/ztNA=
-7,-17,0BPbmpG3W3qVY0pH5fbuRFs8rfs=,Qu0gHeWKRLgCc98Q6tje2sJeNc4=
-6,-17,0BPbmpG3W3qVY0pH5fbuRFs8rfs=,JIjKOUzAcqFZ61Q2UkTSleabI1U=
-8,-17,0BPbmpG3W3qVY0pH5fbuRFs8rfs=,Qu0gHeWKRLgCc98Q6tje2sJeNc4=
-6,-18,0BPbmpG3W3qVY0pH5fbuRFs8rfs=,JIjKOUzAcqFZ61Q2UkTSleabI1U=
-7,-19,0BPbmpG3W3qVY0pH5fbuRFs8rfs=,mQZ2xGuok3Tyenrag+2jETCTt/k=
-8,-19,0BPbmpG3W3qVY0pH5fbuRFs8rfs=,mQZ2xGuok3Tyenrag+2jETCTt/k=
-9,-18,0BPbmpG3W3qVY0pH5fbuRFs8rfs=,Iqu4uJfFj1KSos7Lb2kGAoJZzsE=
-7,-18,0BPbmpG3W3qVY0pH5fbuRFs8rfs=,Qu0gHeWKRLgCc98Q6tje2sJeNc4=
-8,-18,0BPbmpG3W3qVY0pH5fbuRFs8rfs=,Qu0gHeWKRLgCc98Q6tje2sJeNc4=
-23,-6,+WFtT6URMRJSc1fEXYHp1x+VsXM=,CbxyzlJ8jmvMBb3pjDY0msYplg4=
-22,-7,+WFtT6URMRJSc1fEXYHp1x+VsXM=,Vyq4h1QP55jppwkg+redI0R1SAU=
-22,-6,+WFtT6URMRJSc1fEXYHp1x+VsXM=,x2+5p44NDQBR+Xkc1EOUTGkXPfE=
-23,-7,+WFtT6URMRJSc1fEXYHp1x+VsXM=,Uqilg3zYbrSEF5qfZA5ca00yQhQ=
-23,-4,+WFtT6URMRJSc1fEXYHp1x+VsXM=,1sUVYmlNtsSbGtjyOxm+3ciYi5w=
-23,-5,+WFtT6URMRJSc1fEXYHp1x+VsXM=,CbxyzlJ8jmvMBb3pjDY0msYplg4=
-22,-4,+WFtT6URMRJSc1fEXYHp1x+VsXM=,GCQDGpmnBbGca8BPornWSUFlfXY=
-22,-5,+WFtT6URMRJSc1fEXYHp1x+VsXM=,x2+5p44NDQBR+Xkc1EOUTGkXPfE=
-21,-6,+WFtT6URMRJSc1fEXYHp1x+VsXM=,x2+5p44NDQBR+Xkc1EOUTGkXPfE=
-21,-7,+WFtT6URMRJSc1fEXYHp1x+VsXM=,Vyq4h1QP55jppwkg+redI0R1SAU=
-20,-6,+WFtT6URMRJSc1fEXYHp1x+VsXM=,xp1AqkmuvjloJ9ZR/WmpKPMUpRo=
-17,-5,+WFtT6URMRJSc1fEXYHp1x+VsXM=,G8DCTOtCUMzzO/9w/XRBOsIAlCY=
-22,-2,+WFtT6URMRJSc1fEXYHp1x+VsXM=,nrS4JHmrN0mkafsxF8X4fX2LP/g=
-23,-3,+WFtT6URMRJSc1fEXYHp1x+VsXM=,1sUVYmlNtsSbGtjyOxm+3ciYi5w=
-22,-3,+WFtT6URMRJSc1fEXYHp1x+VsXM=,GCQDGpmnBbGca8BPornWSUFlfXY=
-19,-4,lnPIIKbGIJ9pF0dPGkDchKR4QKI=,OIns9hCXHbTRJB/rarCDViNGu0U=
-21,-5,+WFtT6URMRJSc1fEXYHp1x+VsXM=,x2+5p44NDQBR+Xkc1EOUTGkXPfE=
-20,-5,+WFtT6URMRJSc1fEXYHp1x+VsXM=,xp1AqkmuvjloJ9ZR/WmpKPMUpRo=
-19,-5,lnPIIKbGIJ9pF0dPGkDchKR4QKI=,xp1AqkmuvjloJ9ZR/WmpKPMUpRo=
-18,-5,lnPIIKbGIJ9pF0dPGkDchKR4QKI=,G8DCTOtCUMzzO/9w/XRBOsIAlCY=
-21,-4,+WFtT6URMRJSc1fEXYHp1x+VsXM=,GCQDGpmnBbGca8BPornWSUFlfXY=
-20,-4,+WFtT6URMRJSc1fEXYHp1x+VsXM=,OIns9hCXHbTRJB/rarCDViNGu0U=
-19,-2,lnPIIKbGIJ9pF0dPGkDchKR4QKI=,5TKPjue+RAa+Gigm4UlBwGHv5XI=
-19,-3,lnPIIKbGIJ9pF0dPGkDchKR4QKI=,OIns9hCXHbTRJB/rarCDViNGu0U=
-19,-1,+WFtT6URMRJSc1fEXYHp1x+VsXM=,5TKPjue+RAa+Gigm4UlBwGHv5XI=
-20,-1,+WFtT6URMRJSc1fEXYHp1x+VsXM=,5TKPjue+RAa+Gigm4UlBwGHv5XI=
-20,-2,+WFtT6URMRJSc1fEXYHp1x+VsXM=,5TKPjue+RAa+Gigm4UlBwGHv5XI=
-21,-2,lnPIIKbGIJ9pF0dPGkDchKR4QKI=,nrS4JHmrN0mkafsxF8X4fX2LP/g=
-21,-1,+WFtT6URMRJSc1fEXYHp1x+VsXM=,nrS4JHmrN0mkafsxF8X4fX2LP/g=
-21,-3,+WFtT6URMRJSc1fEXYHp1x+VsXM=,GCQDGpmnBbGca8BPornWSUFlfXY=
-20,-3,lnPIIKbGIJ9pF0dPGkDchKR4QKI=,OIns9hCXHbTRJB/rarCDViNGu0U=
-23,-9,JyfWLMoNQ5vyY8oahUiL8PRJyhs=,0IhQoDqYcLEBca5uYaHR31tWR0g=
-23,-10,JyfWLMoNQ5vyY8oahUiL8PRJyhs=,0IhQoDqYcLEBca5uYaHR31tWR0g=
-23,-11,JyfWLMoNQ5vyY8oahUiL8PRJyhs=,ekD8YmPqzoZAHIRo00aAAoymdNE=
-22,-8,+WFtT6URMRJSc1fEXYHp1x+VsXM=,Vyq4h1QP55jppwkg+redI0R1SAU=
-22,-10,+WFtT6URMRJSc1fEXYHp1x+VsXM=,zLOW70uHHwfWhWTrvvl0D7Gu6qE=
-23,-8,+WFtT6URMRJSc1fEXYHp1x+VsXM=,Uqilg3zYbrSEF5qfZA5ca00yQhQ=
-22,-9,+WFtT6URMRJSc1fEXYHp1x+VsXM=,zLOW70uHHwfWhWTrvvl0D7Gu6qE=
-22,-11,JyfWLMoNQ5vyY8oahUiL8PRJyhs=,hQ9xhmwv8AEkG+KjnXKYrsPUoqo=
-25,-13,JyfWLMoNQ5vyY8oahUiL8PRJyhs=,uiWJoLzgd1JhFvva0dD5rjrBD9k=
-25,-11,JyfWLMoNQ5vyY8oahUiL8PRJyhs=,sBcJV9uUiUJiVjaOdcg+kOZ6iQs=
-24,-13,JyfWLMoNQ5vyY8oahUiL8PRJyhs=,TikrPZFB3kU30qgc4I7f2lY+n7c=
-24,-12,JyfWLMoNQ5vyY8oahUiL8PRJyhs=,ekD8YmPqzoZAHIRo00aAAoymdNE=
-25,-10,JyfWLMoNQ5vyY8oahUiL8PRJyhs=,9irDjYo3M/q0dw8y/8jyOpPVDeQ=
-24,-10,JyfWLMoNQ5vyY8oahUiL8PRJyhs=,0IhQoDqYcLEBca5uYaHR31tWR0g=
-25,-12,JyfWLMoNQ5vyY8oahUiL8PRJyhs=,sBcJV9uUiUJiVjaOdcg+kOZ6iQs=
-24,-11,JyfWLMoNQ5vyY8oahUiL8PRJyhs=,ekD8YmPqzoZAHIRo00aAAoymdNE=
-27,-13,JyfWLMoNQ5vyY8oahUiL8PRJyhs=,pRvFBtO0HZomNl1SRqHqR90X1Ls=
-26,-10,JyfWLMoNQ5vyY8oahUiL8PRJyhs=,9irDjYo3M/q0dw8y/8jyOpPVDeQ=
-26,-11,JyfWLMoNQ5vyY8oahUiL8PRJyhs=,sBcJV9uUiUJiVjaOdcg+kOZ6iQs=
-26,-12,JyfWLMoNQ5vyY8oahUiL8PRJyhs=,sBcJV9uUiUJiVjaOdcg+kOZ6iQs=
-26,-13,JyfWLMoNQ5vyY8oahUiL8PRJyhs=,uiWJoLzgd1JhFvva0dD5rjrBD9k=
-27,-10,JyfWLMoNQ5vyY8oahUiL8PRJyhs=,b3qe2IatALwnslwhxbH/4GanQKE=
-27,-12,JyfWLMoNQ5vyY8oahUiL8PRJyhs=,WKSSCUvwQgQEiKKtp/Jkni9oPtI=
-27,-11,JyfWLMoNQ5vyY8oahUiL8PRJyhs=,WKSSCUvwQgQEiKKtp/Jkni9oPtI=
-21,-8,+WFtT6URMRJSc1fEXYHp1x+VsXM=,Vyq4h1QP55jppwkg+redI0R1SAU=
-21,-10,+WFtT6URMRJSc1fEXYHp1x+VsXM=,zLOW70uHHwfWhWTrvvl0D7Gu6qE=
-21,-9,+WFtT6URMRJSc1fEXYHp1x+VsXM=,zLOW70uHHwfWhWTrvvl0D7Gu6qE=
-32,-9,JyfWLMoNQ5vyY8oahUiL8PRJyhs=,vfg5uMnDJrEz+md13yt1sRNQYPU=
-22,-12,JyfWLMoNQ5vyY8oahUiL8PRJyhs=,hQ9xhmwv8AEkG+KjnXKYrsPUoqo=
-22,-13,JyfWLMoNQ5vyY8oahUiL8PRJyhs=,oFp0/iaHjCuV/dxj1q30Nqcpc/o=
-23,-13,JyfWLMoNQ5vyY8oahUiL8PRJyhs=,TikrPZFB3kU30qgc4I7f2lY+n7c=
-21,-11,JyfWLMoNQ5vyY8oahUiL8PRJyhs=,hQ9xhmwv8AEkG+KjnXKYrsPUoqo=
-21,-12,JyfWLMoNQ5vyY8oahUiL8PRJyhs=,hQ9xhmwv8AEkG+KjnXKYrsPUoqo=
-21,-13,JyfWLMoNQ5vyY8oahUiL8PRJyhs=,oFp0/iaHjCuV/dxj1q30Nqcpc/o=
-19,-6,lnPIIKbGIJ9pF0dPGkDchKR4QKI=,xp1AqkmuvjloJ9ZR/WmpKPMUpRo=
-18,-6,lnPIIKbGIJ9pF0dPGkDchKR4QKI=,G8DCTOtCUMzzO/9w/XRBOsIAlCY=
-23,-14,JyfWLMoNQ5vyY8oahUiL8PRJyhs=,TikrPZFB3kU30qgc4I7f2lY+n7c=
-22,-14,JyfWLMoNQ5vyY8oahUiL8PRJyhs=,oFp0/iaHjCuV/dxj1q30Nqcpc/o=
-21,-14,JyfWLMoNQ5vyY8oahUiL8PRJyhs=,oFp0/iaHjCuV/dxj1q30Nqcpc/o=
-23,-12,9UzJlFy2X0vbuYZ7VRJJHWV4fSE=,ekD8YmPqzoZAHIRo00aAAoymdNE=
-25,-8,9UzJlFy2X0vbuYZ7VRJJHWV4fSE=,IKRXFjlhdCKYump0mWS33XSXSd8=
-25,-9,9UzJlFy2X0vbuYZ7VRJJHWV4fSE=,9irDjYo3M/q0dw8y/8jyOpPVDeQ=
-29,-11,9UzJlFy2X0vbuYZ7VRJJHWV4fSE=,Yu1MzI6tIzASWfQ3UfExP6JTFhA=
-24,-9,9UzJlFy2X0vbuYZ7VRJJHWV4fSE=,0IhQoDqYcLEBca5uYaHR31tWR0g=
-24,-8,+WFtT6URMRJSc1fEXYHp1x+VsXM=,Uqilg3zYbrSEF5qfZA5ca00yQhQ=
-29,-12,9UzJlFy2X0vbuYZ7VRJJHWV4fSE=,Yu1MzI6tIzASWfQ3UfExP6JTFhA=
-29,-10,9UzJlFy2X0vbuYZ7VRJJHWV4fSE=,m9/ypYHOY2TVVU9RcF22EltqWqc=
-29,-13,9UzJlFy2X0vbuYZ7VRJJHWV4fSE=,HqE9EhHiiD7TjbUJuTgC2DquuF8=
-28,-13,9UzJlFy2X0vbuYZ7VRJJHWV4fSE=,pRvFBtO0HZomNl1SRqHqR90X1Ls=
-28,-10,9UzJlFy2X0vbuYZ7VRJJHWV4fSE=,b3qe2IatALwnslwhxbH/4GanQKE=
-28,-12,9UzJlFy2X0vbuYZ7VRJJHWV4fSE=,WKSSCUvwQgQEiKKtp/Jkni9oPtI=
-27,-9,9UzJlFy2X0vbuYZ7VRJJHWV4fSE=,b3qe2IatALwnslwhxbH/4GanQKE=
-26,-8,9UzJlFy2X0vbuYZ7VRJJHWV4fSE=,IKRXFjlhdCKYump0mWS33XSXSd8=
-26,-9,9UzJlFy2X0vbuYZ7VRJJHWV4fSE=,9irDjYo3M/q0dw8y/8jyOpPVDeQ=
-22,-1,+WFtT6URMRJSc1fEXYHp1x+VsXM=,nrS4JHmrN0mkafsxF8X4fX2LP/g=
-17,-6,+WFtT6URMRJSc1fEXYHp1x+VsXM=,G8DCTOtCUMzzO/9w/XRBOsIAlCY=
-25,-3,9UzJlFy2X0vbuYZ7VRJJHWV4fSE=,FsiA08sYiqFP/8Cr2caJGLH0AME=
-24,-3,+WFtT6URMRJSc1fEXYHp1x+VsXM=,1sUVYmlNtsSbGtjyOxm+3ciYi5w=
-28,-11,9UzJlFy2X0vbuYZ7VRJJHWV4fSE=,WKSSCUvwQgQEiKKtp/Jkni9oPtI=
-26,-3,9UzJlFy2X0vbuYZ7VRJJHWV4fSE=,FsiA08sYiqFP/8Cr2caJGLH0AME=
-29,-14,9UzJlFy2X0vbuYZ7VRJJHWV4fSE=,HqE9EhHiiD7TjbUJuTgC2DquuF8=
-27,-14,9UzJlFy2X0vbuYZ7VRJJHWV4fSE=,pRvFBtO0HZomNl1SRqHqR90X1Ls=
-28,-14,9UzJlFy2X0vbuYZ7VRJJHWV4fSE=,pRvFBtO0HZomNl1SRqHqR90X1Ls=
-24,-14,9UzJlFy2X0vbuYZ7VRJJHWV4fSE=,TikrPZFB3kU30qgc4I7f2lY+n7c=
-25,-14,9UzJlFy2X0vbuYZ7VRJJHWV4fSE=,uiWJoLzgd1JhFvva0dD5rjrBD9k=
-31,-9,9UzJlFy2X0vbuYZ7VRJJHWV4fSE=,vfg5uMnDJrEz+md13yt1sRNQYPU=
-26,-14,9UzJlFy2X0vbuYZ7VRJJHWV4fSE=,uiWJoLzgd1JhFvva0dD5rjrBD9k=
-28,-9,9UzJlFy2X0vbuYZ7VRJJHWV4fSE=,b3qe2IatALwnslwhxbH/4GanQKE=
-30,-9,9UzJlFy2X0vbuYZ7VRJJHWV4fSE=,m9/ypYHOY2TVVU9RcF22EltqWqc=
-29,-9,9UzJlFy2X0vbuYZ7VRJJHWV4fSE=,m9/ypYHOY2TVVU9RcF22EltqWqc=
-31,-14,9UzJlFy2X0vbuYZ7VRJJHWV4fSE=,UEkZuxcZh+f35wvCauls+atL6rg=
-30,-14,9UzJlFy2X0vbuYZ7VRJJHWV4fSE=,HqE9EhHiiD7TjbUJuTgC2DquuF8=
-32,-14,9UzJlFy2X0vbuYZ7VRJJHWV4fSE=,UEkZuxcZh+f35wvCauls+atL6rg=
-24,-6,+WFtT6URMRJSc1fEXYHp1x+VsXM=,CbxyzlJ8jmvMBb3pjDY0msYplg4=
-25,-7,9UzJlFy2X0vbuYZ7VRJJHWV4fSE=,IKRXFjlhdCKYump0mWS33XSXSd8=
-26,-7,9UzJlFy2X0vbuYZ7VRJJHWV4fSE=,IKRXFjlhdCKYump0mWS33XSXSd8=
-24,-7,+WFtT6URMRJSc1fEXYHp1x+VsXM=,Uqilg3zYbrSEF5qfZA5ca00yQhQ=
-25,-5,9UzJlFy2X0vbuYZ7VRJJHWV4fSE=,2K80AHolsMOo1bcFrrseS8f7SjI=
-26,-5,9UzJlFy2X0vbuYZ7VRJJHWV4fSE=,2K80AHolsMOo1bcFrrseS8f7SjI=
-25,-6,9UzJlFy2X0vbuYZ7VRJJHWV4fSE=,2K80AHolsMOo1bcFrrseS8f7SjI=
-26,-6,9UzJlFy2X0vbuYZ7VRJJHWV4fSE=,2K80AHolsMOo1bcFrrseS8f7SjI=
-25,-4,9UzJlFy2X0vbuYZ7VRJJHWV4fSE=,FsiA08sYiqFP/8Cr2caJGLH0AME=
-26,-4,9UzJlFy2X0vbuYZ7VRJJHWV4fSE=,FsiA08sYiqFP/8Cr2caJGLH0AME=
-24,-5,+WFtT6URMRJSc1fEXYHp1x+VsXM=,CbxyzlJ8jmvMBb3pjDY0msYplg4=
-24,-4,+WFtT6URMRJSc1fEXYHp1x+VsXM=,1sUVYmlNtsSbGtjyOxm+3ciYi5w=
-30,-10,9UzJlFy2X0vbuYZ7VRJJHWV4fSE=,m9/ypYHOY2TVVU9RcF22EltqWqc=
-31,-10,9UzJlFy2X0vbuYZ7VRJJHWV4fSE=,vfg5uMnDJrEz+md13yt1sRNQYPU=
-32,-10,9UzJlFy2X0vbuYZ7VRJJHWV4fSE=,vfg5uMnDJrEz+md13yt1sRNQYPU=
-30,-13,9UzJlFy2X0vbuYZ7VRJJHWV4fSE=,HqE9EhHiiD7TjbUJuTgC2DquuF8=
-32,-13,9UzJlFy2X0vbuYZ7VRJJHWV4fSE=,UEkZuxcZh+f35wvCauls+atL6rg=
-31,-13,9UzJlFy2X0vbuYZ7VRJJHWV4fSE=,UEkZuxcZh+f35wvCauls+atL6rg=
-31,-11,9UzJlFy2X0vbuYZ7VRJJHWV4fSE=,LU7OvAOoBYSx/Y4EU35xU4jctQs=
-30,-12,9UzJlFy2X0vbuYZ7VRJJHWV4fSE=,Yu1MzI6tIzASWfQ3UfExP6JTFhA=
-30,-11,9UzJlFy2X0vbuYZ7VRJJHWV4fSE=,Yu1MzI6tIzASWfQ3UfExP6JTFhA=
-32,-12,9UzJlFy2X0vbuYZ7VRJJHWV4fSE=,LU7OvAOoBYSx/Y4EU35xU4jctQs=
-32,-11,9UzJlFy2X0vbuYZ7VRJJHWV4fSE=,LU7OvAOoBYSx/Y4EU35xU4jctQs=
-31,-12,9UzJlFy2X0vbuYZ7VRJJHWV4fSE=,LU7OvAOoBYSx/Y4EU35xU4jctQs=
-13,-7,2qAxOTFLMbOR6tO2KT/VB0f+2aE=,8N7yc+nk/wQRJCGLexoRlsEZtqc=
-15,-5,pEOcWQBWvyWcZ/obd0BFl3MvqSI=,3Iuqfx8MBhQBzJ+G5RIHPsOanXY=
-13,-8,MD6NuFS4M2VQmz5JcUnk3uY9vzU=,8N7yc+nk/wQRJCGLexoRlsEZtqc=
-15,-6,MD6NuFS4M2VQmz5JcUnk3uY9vzU=,3Iuqfx8MBhQBzJ+G5RIHPsOanXY=
-14,-7,MD6NuFS4M2VQmz5JcUnk3uY9vzU=,8N7yc+nk/wQRJCGLexoRlsEZtqc=
-14,-8,MD6NuFS4M2VQmz5JcUnk3uY9vzU=,8N7yc+nk/wQRJCGLexoRlsEZtqc=
-16,-5,MD6NuFS4M2VQmz5JcUnk3uY9vzU=,3Iuqfx8MBhQBzJ+G5RIHPsOanXY=
-16,-6,MD6NuFS4M2VQmz5JcUnk3uY9vzU=,3Iuqfx8MBhQBzJ+G5RIHPsOanXY=
-19,-7,lnPIIKbGIJ9pF0dPGkDchKR4QKI=,Uw597ob0G2e4lbeitbaAPLYxQNg=
-18,-7,lnPIIKbGIJ9pF0dPGkDchKR4QKI=,9707E/T6SZFMWThZ3A0WX+AHm8U=
-20,-7,+WFtT6URMRJSc1fEXYHp1x+VsXM=,Uw597ob0G2e4lbeitbaAPLYxQNg=
-23,-2,+WFtT6URMRJSc1fEXYHp1x+VsXM=,rdpjLip5MaJGGAFLBXBQgOJAguI=
-17,-7,+WFtT6URMRJSc1fEXYHp1x+VsXM=,9707E/T6SZFMWThZ3A0WX+AHm8U=
-17,-10,+WFtT6URMRJSc1fEXYHp1x+VsXM=,0qdjMu8uCl2Myzz9XGgeOshCnN0=
-17,-8,+WFtT6URMRJSc1fEXYHp1x+VsXM=,9707E/T6SZFMWThZ3A0WX+AHm8U=
-17,-9,+WFtT6URMRJSc1fEXYHp1x+VsXM=,0qdjMu8uCl2Myzz9XGgeOshCnN0=
-18,-8,+WFtT6URMRJSc1fEXYHp1x+VsXM=,9707E/T6SZFMWThZ3A0WX+AHm8U=
-18,-10,+WFtT6URMRJSc1fEXYHp1x+VsXM=,0qdjMu8uCl2Myzz9XGgeOshCnN0=
-18,-9,+WFtT6URMRJSc1fEXYHp1x+VsXM=,0qdjMu8uCl2Myzz9XGgeOshCnN0=
-20,-9,+WFtT6URMRJSc1fEXYHp1x+VsXM=,V7q+5iZUw/wnIpfcCggzkRof+Xg=
-23,-1,+WFtT6URMRJSc1fEXYHp1x+VsXM=,rdpjLip5MaJGGAFLBXBQgOJAguI=
-19,-9,+WFtT6URMRJSc1fEXYHp1x+VsXM=,V7q+5iZUw/wnIpfcCggzkRof+Xg=
-20,-10,+WFtT6URMRJSc1fEXYHp1x+VsXM=,V7q+5iZUw/wnIpfcCggzkRof+Xg=
-19,-10,+WFtT6URMRJSc1fEXYHp1x+VsXM=,V7q+5iZUw/wnIpfcCggzkRof+Xg=
-20,-8,+WFtT6URMRJSc1fEXYHp1x+VsXM=,Uw597ob0G2e4lbeitbaAPLYxQNg=
-19,-8,+WFtT6URMRJSc1fEXYHp1x+VsXM=,Uw597ob0G2e4lbeitbaAPLYxQNg=
-24,-1,+WFtT6URMRJSc1fEXYHp1x+VsXM=,rdpjLip5MaJGGAFLBXBQgOJAguI=
-24,-2,+WFtT6URMRJSc1fEXYHp1x+VsXM=,rdpjLip5MaJGGAFLBXBQgOJAguI=
