-18,14,bFzYUH7Bvd6PJIALJIVVH9wgOJ4=,lIdY3RvFugyspzaB7oicoR8CSG0=
-19,14,MNm30ZH0TXoIEUO85/2Q+4csUII=,QJI+Q4FmjKYkfY9wZ25k3ucaPfg=
-18,13,jXVAUQRAAgGluRRsvKfEZen2ygM=,yxI6ES9me+ksexiDlhmS0Cq1L4w=
-19,13,MNm30ZH0TXoIEUO85/2Q+4csUII=,JBJxetYBJaPhrjW/z/ybY2Og+0Y=
-20,14,Lvi4L78iCeVk3IuG++hVnTyhYr0=,QJI+Q4FmjKYkfY9wZ25k3ucaPfg=
-21,14,Lvi4L78iCeVk3IuG++hVnTyhYr0=,UNt4z9yHdb8IQEjxafTZk0xkGmA=
-20,13,Lvi4L78iCeVk3IuG++hVnTyhYr0=,JBJxetYBJaPhrjW/z/ybY2Og+0Y=
-21,13,Lvi4L78iCeVk3IuG++hVnTyhYr0=,RDa0Ve+aIK8kU4s5w+FEPiufY7U=
-22,14,MNm30ZH0TXoIEUO85/2Q+4csUII=,UNt4z9yHdb8IQEjxafTZk0xkGmA=
-23,14,MNm30ZH0TXoIEUO85/2Q+4csUII=,W03rWGftbm2lcCLklfhAturRlOc=
-23,13,bhJUKxpfoRjZpeQmfIOUdlDeHRg=,Igsx/MwaixWIplhr4ByEkDmy4bA=
-22,13,MNm30ZH0TXoIEUO85/2Q+4csUII=,RDa0Ve+aIK8kU4s5w+FEPiufY7U=
-24,14,MNm30ZH0TXoIEUO85/2Q+4csUII=,W03rWGftbm2lcCLklfhAturRlOc=
-25,14,Zlstq1wauiPUxzTVHc7QuApeJKM=,s7BtG2KivMMVaB9XPBlDBddElpA=
-25,13,FFwTLysmubg0qaiJdW2JPLWuXmo=,71PFGYaZaFZ9CYDGy/8EkOmlcow=
-24,13,qhx8KSlVVv6MY+08uZuAflhjfKw=,Igsx/MwaixWIplhr4ByEkDmy4bA=
-24,12,NM6tkgmskFMZx9jW6fJ7CXoHKL4=,Igsx/MwaixWIplhr4ByEkDmy4bA=
-24,11,NM6tkgmskFMZx9jW6fJ7CXoHKL4=,E1qR60axXfe80dVQWlJ+KAcx6rI=
-25,11,NM6tkgmskFMZx9jW6fJ7CXoHKL4=,8AhtwlGP3Z12qp4G9c2IVI6w+aI=
-25,12,YtkW+1pyfj6HigiAPJ5PI/7jh50=,71PFGYaZaFZ9CYDGy/8EkOmlcow=
-24,10,qhx8KSlVVv6MY+08uZuAflhjfKw=,E1qR60axXfe80dVQWlJ+KAcx6rI=
-24,9,AVKOPegiJPX0m/LGxWP7vik8WnQ=,rAuL9eZdtMmD5JoGnizqUx7/aEk=
-25,9,qhx8KSlVVv6MY+08uZuAflhjfKw=,ny4QiGTEE9Fw5DJ+xpVFo5DXfPM=
-25,10,qhx8KSlVVv6MY+08uZuAflhjfKw=,8AhtwlGP3Z12qp4G9c2IVI6w+aI=
-22,12,foz3+w1ECtZOOBNEWviuYmEOMTY=,RDa0Ve+aIK8kU4s5w+FEPiufY7U=
-22,10,foz3+w1ECtZOOBNEWviuYmEOMTY=,nPwzGEfvn92gN2nX0PjRjR+Bh+c=
-23,10,bhJUKxpfoRjZpeQmfIOUdlDeHRg=,E1qR60axXfe80dVQWlJ+KAcx6rI=
-22,11,foz3+w1ECtZOOBNEWviuYmEOMTY=,nPwzGEfvn92gN2nX0PjRjR+Bh+c=
-23,9,ResIERlhvkfWhChU6UqB2PVQ/hk=,rAuL9eZdtMmD5JoGnizqUx7/aEk=
-23,11,bhJUKxpfoRjZpeQmfIOUdlDeHRg=,E1qR60axXfe80dVQWlJ+KAcx6rI=
-23,12,bhJUKxpfoRjZpeQmfIOUdlDeHRg=,Igsx/MwaixWIplhr4ByEkDmy4bA=
-22,9,ResIERlhvkfWhChU6UqB2PVQ/hk=,TQHRYU3bAWbq6ALwJNnzayaNbjE=
-20,10,foz3+w1ECtZOOBNEWviuYmEOMTY=,75t5uSLSbvJj8I4zXR4TUKAxlC4=
-20,12,MNm30ZH0TXoIEUO85/2Q+4csUII=,JBJxetYBJaPhrjW/z/ybY2Og+0Y=
-21,10,foz3+w1ECtZOOBNEWviuYmEOMTY=,nPwzGEfvn92gN2nX0PjRjR+Bh+c=
-21,12,MNm30ZH0TXoIEUO85/2Q+4csUII=,RDa0Ve+aIK8kU4s5w+FEPiufY7U=
-20,9,ResIERlhvkfWhChU6UqB2PVQ/hk=,1gAA0SdPwxR3en7csQu3fSCEhp8=
-21,11,MNm30ZH0TXoIEUO85/2Q+4csUII=,nPwzGEfvn92gN2nX0PjRjR+Bh+c=
-20,11,MNm30ZH0TXoIEUO85/2Q+4csUII=,75t5uSLSbvJj8I4zXR4TUKAxlC4=
-21,9,ResIERlhvkfWhChU6UqB2PVQ/hk=,TQHRYU3bAWbq6ALwJNnzayaNbjE=
-19,8,RLJbsViyK0Mxz0XeGDJ6ZdCMyiU=,1gAA0SdPwxR3en7csQu3fSCEhp8=
-18,7,UcXbM6FHDPSdZSXU7l8E6FsX3bg=,Hn8rwP3oRK6wPMZXTaWRItwOxCM=
-18,8,Z2jlQEOuiRtibEXYDy21NviEvFY=,fKO1u6Kz0dnOrb5SNeo8HPd63w0=
-19,7,UcXbM6FHDPSdZSXU7l8E6FsX3bg=,mz5L50iDzd87WXk7i9KNW1I/Ruc=
-18,12,jXVAUQRAAgGluRRsvKfEZen2ygM=,yxI6ES9me+ksexiDlhmS0Cq1L4w=
-19,10,foz3+w1ECtZOOBNEWviuYmEOMTY=,75t5uSLSbvJj8I4zXR4TUKAxlC4=
-18,10,Z2jlQEOuiRtibEXYDy21NviEvFY=,Y/GQuZiKuWyRBhDZkddaCVXOKsY=
-19,12,foz3+w1ECtZOOBNEWviuYmEOMTY=,JBJxetYBJaPhrjW/z/ybY2Og+0Y=
-18,9,Z2jlQEOuiRtibEXYDy21NviEvFY=,fKO1u6Kz0dnOrb5SNeo8HPd63w0=
-18,11,Z2jlQEOuiRtibEXYDy21NviEvFY=,Y/GQuZiKuWyRBhDZkddaCVXOKsY=
-19,11,foz3+w1ECtZOOBNEWviuYmEOMTY=,75t5uSLSbvJj8I4zXR4TUKAxlC4=
-19,9,ResIERlhvkfWhChU6UqB2PVQ/hk=,1gAA0SdPwxR3en7csQu3fSCEhp8=
-18,6,Iay8Q4GjKyTypzIPMBEa9SNuWyE=,Hn8rwP3oRK6wPMZXTaWRItwOxCM=
-19,6,Iay8Q4GjKyTypzIPMBEa9SNuWyE=,mz5L50iDzd87WXk7i9KNW1I/Ruc=
-18,5,Iay8Q4GjKyTypzIPMBEa9SNuWyE=,zxQDHYMaJTvx5O8VFVxK7L/Gwdw=
-19,5,Iay8Q4GjKyTypzIPMBEa9SNuWyE=,B4sk/Dde/Kmk+/p6ZaHANGq4Xhk=
-19,4,Iay8Q4GjKyTypzIPMBEa9SNuWyE=,B4sk/Dde/Kmk+/p6ZaHANGq4Xhk=
-19,3,RLJbsViyK0Mxz0XeGDJ6ZdCMyiU=,vdMhCkqpGYoPe8nbLYI86RLC0Yw=
-18,3,TSObKesUtQWQ5GST0xCVDPMCvLQ=,+FIr3IG2c1d0DOYsaCntovVljKI=
-18,4,Iay8Q4GjKyTypzIPMBEa9SNuWyE=,zxQDHYMaJTvx5O8VFVxK7L/Gwdw=
-20,1,UcXbM6FHDPSdZSXU7l8E6FsX3bg=,CZwBmq3CWCBP2NFeKPHKBqskAss=
-21,2,UcXbM6FHDPSdZSXU7l8E6FsX3bg=,BJSLMbuk300d165n27IUu5H08QE=
-20,2,KyFG7BxnQvBpXxe8tO/gMg+ivPo=,vdMhCkqpGYoPe8nbLYI86RLC0Yw=
-21,1,UcXbM6FHDPSdZSXU7l8E6FsX3bg=,CLbi6Eu1ednP0auzKhkrBqCPIpQ=
-18,2,TSObKesUtQWQ5GST0xCVDPMCvLQ=,+FIr3IG2c1d0DOYsaCntovVljKI=
-19,1,UcXbM6FHDPSdZSXU7l8E6FsX3bg=,CZwBmq3CWCBP2NFeKPHKBqskAss=
-19,2,AaTQsp6t7vEQ2dnir5Ajopj9IF8=,vdMhCkqpGYoPe8nbLYI86RLC0Yw=
-18,1,UcXbM6FHDPSdZSXU7l8E6FsX3bg=,amI7x3/zjpH/+F2mQp+TBQjcm5E=
-22,2,eSYMUdtwF0Q3BIXx8PufDzIeod8=,BJSLMbuk300d165n27IUu5H08QE=
-23,2,eSYMUdtwF0Q3BIXx8PufDzIeod8=,Oup64+Ff2nJO3+IwgFU/t7JZlpk=
-22,1,eSYMUdtwF0Q3BIXx8PufDzIeod8=,CLbi6Eu1ednP0auzKhkrBqCPIpQ=
-23,1,eSYMUdtwF0Q3BIXx8PufDzIeod8=,zCn7fXs2/flcNOqy/BuA4KYU8fw=
-25,1,eSYMUdtwF0Q3BIXx8PufDzIeod8=,PITTHBLfdaIYfB5px7EHJERzaf4=
-24,2,eSYMUdtwF0Q3BIXx8PufDzIeod8=,Oup64+Ff2nJO3+IwgFU/t7JZlpk=
-25,2,eSYMUdtwF0Q3BIXx8PufDzIeod8=,tQZfMtfB+T6Y+JpVts2Pdzipb3Q=
-24,1,eSYMUdtwF0Q3BIXx8PufDzIeod8=,zCn7fXs2/flcNOqy/BuA4KYU8fw=
-25,4,NXEeKjTcFwF4rpzPEpPMzkvsXsM=,urmjMM+CbvQv7zy99KJagaezoUc=
-24,4,NXEeKjTcFwF4rpzPEpPMzkvsXsM=,MbmiZxYPYk9Da7gjE9o52nqYKTc=
-24,3,NXEeKjTcFwF4rpzPEpPMzkvsXsM=,Oup64+Ff2nJO3+IwgFU/t7JZlpk=
-25,3,NXEeKjTcFwF4rpzPEpPMzkvsXsM=,tQZfMtfB+T6Y+JpVts2Pdzipb3Q=
-17,14,bFzYUH7Bvd6PJIALJIVVH9wgOJ4=,lIdY3RvFugyspzaB7oicoR8CSG0=
-17,13,jXVAUQRAAgGluRRsvKfEZen2ygM=,yxI6ES9me+ksexiDlhmS0Cq1L4w=
-18,15,bFzYUH7Bvd6PJIALJIVVH9wgOJ4=,lIdY3RvFugyspzaB7oicoR8CSG0=
-19,15,foz3+w1ECtZOOBNEWviuYmEOMTY=,QJI+Q4FmjKYkfY9wZ25k3ucaPfg=
-21,15,foz3+w1ECtZOOBNEWviuYmEOMTY=,UNt4z9yHdb8IQEjxafTZk0xkGmA=
-20,15,foz3+w1ECtZOOBNEWviuYmEOMTY=,QJI+Q4FmjKYkfY9wZ25k3ucaPfg=
-23,15,foz3+w1ECtZOOBNEWviuYmEOMTY=,W03rWGftbm2lcCLklfhAturRlOc=
-22,15,foz3+w1ECtZOOBNEWviuYmEOMTY=,UNt4z9yHdb8IQEjxafTZk0xkGmA=
-24,15,MNm30ZH0TXoIEUO85/2Q+4csUII=,W03rWGftbm2lcCLklfhAturRlOc=
-25,15,Zlstq1wauiPUxzTVHc7QuApeJKM=,s7BtG2KivMMVaB9XPBlDBddElpA=
-17,4,UcXbM6FHDPSdZSXU7l8E6FsX3bg=,zxQDHYMaJTvx5O8VFVxK7L/Gwdw=
-17,3,TSObKesUtQWQ5GST0xCVDPMCvLQ=,+FIr3IG2c1d0DOYsaCntovVljKI=
-17,6,UcXbM6FHDPSdZSXU7l8E6FsX3bg=,Hn8rwP3oRK6wPMZXTaWRItwOxCM=
-17,5,UcXbM6FHDPSdZSXU7l8E6FsX3bg=,zxQDHYMaJTvx5O8VFVxK7L/Gwdw=
-17,8,Z2jlQEOuiRtibEXYDy21NviEvFY=,fKO1u6Kz0dnOrb5SNeo8HPd63w0=
-17,7,UcXbM6FHDPSdZSXU7l8E6FsX3bg=,Hn8rwP3oRK6wPMZXTaWRItwOxCM=
-17,9,Z2jlQEOuiRtibEXYDy21NviEvFY=,fKO1u6Kz0dnOrb5SNeo8HPd63w0=
-17,12,jXVAUQRAAgGluRRsvKfEZen2ygM=,yxI6ES9me+ksexiDlhmS0Cq1L4w=
-17,10,Z2jlQEOuiRtibEXYDy21NviEvFY=,Y/GQuZiKuWyRBhDZkddaCVXOKsY=
-17,11,Z2jlQEOuiRtibEXYDy21NviEvFY=,Y/GQuZiKuWyRBhDZkddaCVXOKsY=
-24,8,AVKOPegiJPX0m/LGxWP7vik8WnQ=,rAuL9eZdtMmD5JoGnizqUx7/aEk=
-17,2,TSObKesUtQWQ5GST0xCVDPMCvLQ=,+FIr3IG2c1d0DOYsaCntovVljKI=
-25,6,NXEeKjTcFwF4rpzPEpPMzkvsXsM=,Dgiw0qjfqgHOsxgvPCD1e1huxPI=
-17,1,UcXbM6FHDPSdZSXU7l8E6FsX3bg=,amI7x3/zjpH/+F2mQp+TBQjcm5E=
-24,6,NXEeKjTcFwF4rpzPEpPMzkvsXsM=,OYVA4mxwRJFgHy9VbLYLC9tYtD4=
-25,8,bhJUKxpfoRjZpeQmfIOUdlDeHRg=,ny4QiGTEE9Fw5DJ+xpVFo5DXfPM=
-24,7,UcXbM6FHDPSdZSXU7l8E6FsX3bg=,OYVA4mxwRJFgHy9VbLYLC9tYtD4=
-25,5,NXEeKjTcFwF4rpzPEpPMzkvsXsM=,urmjMM+CbvQv7zy99KJagaezoUc=
-25,7,UcXbM6FHDPSdZSXU7l8E6FsX3bg=,Dgiw0qjfqgHOsxgvPCD1e1huxPI=
-24,5,NXEeKjTcFwF4rpzPEpPMzkvsXsM=,MbmiZxYPYk9Da7gjE9o52nqYKTc=
-20,8,KyFG7BxnQvBpXxe8tO/gMg+ivPo=,1gAA0SdPwxR3en7csQu3fSCEhp8=
-23,8,YtkW+1pyfj6HigiAPJ5PI/7jh50=,rAuL9eZdtMmD5JoGnizqUx7/aEk=
-19,0,UcXbM6FHDPSdZSXU7l8E6FsX3bg=,CZwBmq3CWCBP2NFeKPHKBqskAss=
-22,7,UcXbM6FHDPSdZSXU7l8E6FsX3bg=,8TmqbusLlkBYtgqSRHuqvumFDvE=
-20,0,UcXbM6FHDPSdZSXU7l8E6FsX3bg=,CZwBmq3CWCBP2NFeKPHKBqskAss=
-18,0,UcXbM6FHDPSdZSXU7l8E6FsX3bg=,amI7x3/zjpH/+F2mQp+TBQjcm5E=
-21,0,UcXbM6FHDPSdZSXU7l8E6FsX3bg=,CLbi6Eu1ednP0auzKhkrBqCPIpQ=
-21,7,UcXbM6FHDPSdZSXU7l8E6FsX3bg=,8TmqbusLlkBYtgqSRHuqvumFDvE=
-22,8,YtkW+1pyfj6HigiAPJ5PI/7jh50=,TQHRYU3bAWbq6ALwJNnzayaNbjE=
-22,0,Iay8Q4GjKyTypzIPMBEa9SNuWyE=,CLbi6Eu1ednP0auzKhkrBqCPIpQ=
-25,0,Iay8Q4GjKyTypzIPMBEa9SNuWyE=,PITTHBLfdaIYfB5px7EHJERzaf4=
-23,0,Iay8Q4GjKyTypzIPMBEa9SNuWyE=,zCn7fXs2/flcNOqy/BuA4KYU8fw=
-24,0,Iay8Q4GjKyTypzIPMBEa9SNuWyE=,zCn7fXs2/flcNOqy/BuA4KYU8fw=
-21,8,KyFG7BxnQvBpXxe8tO/gMg+ivPo=,TQHRYU3bAWbq6ALwJNnzayaNbjE=
-23,7,UcXbM6FHDPSdZSXU7l8E6FsX3bg=,OYVA4mxwRJFgHy9VbLYLC9tYtD4=
-20,7,UcXbM6FHDPSdZSXU7l8E6FsX3bg=,mz5L50iDzd87WXk7i9KNW1I/Ruc=
-22,4,Iay8Q4GjKyTypzIPMBEa9SNuWyE=,ocxmaRHRtv95v+bWdVhv7bP60ps=
-20,6,Iay8Q4GjKyTypzIPMBEa9SNuWyE=,mz5L50iDzd87WXk7i9KNW1I/Ruc=
-21,4,Iay8Q4GjKyTypzIPMBEa9SNuWyE=,ocxmaRHRtv95v+bWdVhv7bP60ps=
-22,6,Iay8Q4GjKyTypzIPMBEa9SNuWyE=,8TmqbusLlkBYtgqSRHuqvumFDvE=
-22,5,Iay8Q4GjKyTypzIPMBEa9SNuWyE=,ocxmaRHRtv95v+bWdVhv7bP60ps=
-21,6,Iay8Q4GjKyTypzIPMBEa9SNuWyE=,8TmqbusLlkBYtgqSRHuqvumFDvE=
-20,4,Iay8Q4GjKyTypzIPMBEa9SNuWyE=,B4sk/Dde/Kmk+/p6ZaHANGq4Xhk=
-23,6,Iay8Q4GjKyTypzIPMBEa9SNuWyE=,OYVA4mxwRJFgHy9VbLYLC9tYtD4=
-23,4,Iay8Q4GjKyTypzIPMBEa9SNuWyE=,MbmiZxYPYk9Da7gjE9o52nqYKTc=
-21,5,Iay8Q4GjKyTypzIPMBEa9SNuWyE=,ocxmaRHRtv95v+bWdVhv7bP60ps=
-22,3,Iay8Q4GjKyTypzIPMBEa9SNuWyE=,BJSLMbuk300d165n27IUu5H08QE=
-20,3,KyFG7BxnQvBpXxe8tO/gMg+ivPo=,vdMhCkqpGYoPe8nbLYI86RLC0Yw=
-20,5,Iay8Q4GjKyTypzIPMBEa9SNuWyE=,B4sk/Dde/Kmk+/p6ZaHANGq4Xhk=
-21,3,Iay8Q4GjKyTypzIPMBEa9SNuWyE=,BJSLMbuk300d165n27IUu5H08QE=
-23,3,Iay8Q4GjKyTypzIPMBEa9SNuWyE=,Oup64+Ff2nJO3+IwgFU/t7JZlpk=
-23,5,Iay8Q4GjKyTypzIPMBEa9SNuWyE=,MbmiZxYPYk9Da7gjE9o52nqYKTc=
-26,5,456/BIcYkMTFBvYtPj/A2RccBgo=,urmjMM+CbvQv7zy99KJagaezoUc=
-27,5,456/BIcYkMTFBvYtPj/A2RccBgo=,fccy0P9QvPnzTTSc1hnZFt7GngA=
-27,6,Of1O+WPqk661OnwjUcZcu5g6fq4=,Ir2PXD7daAJD27dccWgsz6/YePE=
-26,6,456/BIcYkMTFBvYtPj/A2RccBgo=,Dgiw0qjfqgHOsxgvPCD1e1huxPI=
-27,1,KLhMdfMZqzdrFGp1JjtrhHJSzJ8=,xA4OvIvnlcH4DXZKNpcJSVV5eWY=
-26,4,TRvdkyOV1b4ptIWmqrEtCF2U7qE=,urmjMM+CbvQv7zy99KJagaezoUc=
-26,2,TRvdkyOV1b4ptIWmqrEtCF2U7qE=,tQZfMtfB+T6Y+JpVts2Pdzipb3Q=
-27,4,TRvdkyOV1b4ptIWmqrEtCF2U7qE=,fccy0P9QvPnzTTSc1hnZFt7GngA=
-26,3,TRvdkyOV1b4ptIWmqrEtCF2U7qE=,tQZfMtfB+T6Y+JpVts2Pdzipb3Q=
-27,2,TRvdkyOV1b4ptIWmqrEtCF2U7qE=,HDWGROF8M53CnP46TOT+NvI2cIQ=
-27,3,TRvdkyOV1b4ptIWmqrEtCF2U7qE=,HDWGROF8M53CnP46TOT+NvI2cIQ=
-26,1,TRvdkyOV1b4ptIWmqrEtCF2U7qE=,PITTHBLfdaIYfB5px7EHJERzaf4=
-29,3,Zlstq1wauiPUxzTVHc7QuApeJKM=,cykedMPJSjbUYRxBJwDR5mvc4fk=
-29,5,Zlstq1wauiPUxzTVHc7QuApeJKM=,L7aZJJ++Jw2xxkKjCsex2Tl+FIc=
-29,2,Zlstq1wauiPUxzTVHc7QuApeJKM=,cykedMPJSjbUYRxBJwDR5mvc4fk=
-28,1,KLhMdfMZqzdrFGp1JjtrhHJSzJ8=,xA4OvIvnlcH4DXZKNpcJSVV5eWY=
-29,4,Zlstq1wauiPUxzTVHc7QuApeJKM=,L7aZJJ++Jw2xxkKjCsex2Tl+FIc=
-28,6,Of1O+WPqk661OnwjUcZcu5g6fq4=,Ir2PXD7daAJD27dccWgsz6/YePE=
-29,6,Of1O+WPqk661OnwjUcZcu5g6fq4=,Qvyy/r/OGMaXdKEb8/Fzu7QKFIQ=
-29,1,KLhMdfMZqzdrFGp1JjtrhHJSzJ8=,7DPQDGvN8DXNQ1tRWBeIhB8QPKI=
-28,2,TRvdkyOV1b4ptIWmqrEtCF2U7qE=,HDWGROF8M53CnP46TOT+NvI2cIQ=
-28,4,TRvdkyOV1b4ptIWmqrEtCF2U7qE=,fccy0P9QvPnzTTSc1hnZFt7GngA=
-31,5,Zlstq1wauiPUxzTVHc7QuApeJKM=,JBYgDhKNvsrVWXlYo7B9jl6v3oI=
-31,6,Zlstq1wauiPUxzTVHc7QuApeJKM=,EowOT8Th5tKPh2HD2JClo5gLz+Y=
-30,5,Zlstq1wauiPUxzTVHc7QuApeJKM=,L7aZJJ++Jw2xxkKjCsex2Tl+FIc=
-28,5,456/BIcYkMTFBvYtPj/A2RccBgo=,fccy0P9QvPnzTTSc1hnZFt7GngA=
-30,6,uORqlb782AVA3xav0nSOJQOjBeM=,Qvyy/r/OGMaXdKEb8/Fzu7QKFIQ=
-28,3,TRvdkyOV1b4ptIWmqrEtCF2U7qE=,HDWGROF8M53CnP46TOT+NvI2cIQ=
-32,5,Zlstq1wauiPUxzTVHc7QuApeJKM=,JBYgDhKNvsrVWXlYo7B9jl6v3oI=
-32,6,Zlstq1wauiPUxzTVHc7QuApeJKM=,EowOT8Th5tKPh2HD2JClo5gLz+Y=
-26,13,FFwTLysmubg0qaiJdW2JPLWuXmo=,71PFGYaZaFZ9CYDGy/8EkOmlcow=
-26,14,dojMPT7OrZIEHJS/BdzlA6drKBY=,s7BtG2KivMMVaB9XPBlDBddElpA=
-26,11,fp9dBPvu8wbR2ShkO497CGYuhI0=,8AhtwlGP3Z12qp4G9c2IVI6w+aI=
-27,12,dojMPT7OrZIEHJS/BdzlA6drKBY=,Xz3SHJe+zOF8m/9GeFoKQGxM+dw=
-27,13,dojMPT7OrZIEHJS/BdzlA6drKBY=,Xz3SHJe+zOF8m/9GeFoKQGxM+dw=
-26,12,AVKOPegiJPX0m/LGxWP7vik8WnQ=,71PFGYaZaFZ9CYDGy/8EkOmlcow=
-27,7,Of1O+WPqk661OnwjUcZcu5g6fq4=,Ir2PXD7daAJD27dccWgsz6/YePE=
-28,0,xqbj9vswG0ebL2/+DEy591aP558=,xA4OvIvnlcH4DXZKNpcJSVV5eWY=
-26,7,TRvdkyOV1b4ptIWmqrEtCF2U7qE=,Dgiw0qjfqgHOsxgvPCD1e1huxPI=
-26,9,fp9dBPvu8wbR2ShkO497CGYuhI0=,ny4QiGTEE9Fw5DJ+xpVFo5DXfPM=
-26,10,fp9dBPvu8wbR2ShkO497CGYuhI0=,8AhtwlGP3Z12qp4G9c2IVI6w+aI=
-26,8,fp9dBPvu8wbR2ShkO497CGYuhI0=,ny4QiGTEE9Fw5DJ+xpVFo5DXfPM=
-29,7,O/KaxX7jT4MMfMpuFWO3ElZGVes=,Qvyy/r/OGMaXdKEb8/Fzu7QKFIQ=
-28,7,O/KaxX7jT4MMfMpuFWO3ElZGVes=,Ir2PXD7daAJD27dccWgsz6/YePE=
-28,13,OaucqNTvKHPfOc4rvXLHvMzcq4Q=,Xz3SHJe+zOF8m/9GeFoKQGxM+dw=
-28,12,dojMPT7OrZIEHJS/BdzlA6drKBY=,Xz3SHJe+zOF8m/9GeFoKQGxM+dw=
-29,0,xqbj9vswG0ebL2/+DEy591aP558=,7DPQDGvN8DXNQ1tRWBeIhB8QPKI=
-26,0,TRvdkyOV1b4ptIWmqrEtCF2U7qE=,PITTHBLfdaIYfB5px7EHJERzaf4=
-17,15,bFzYUH7Bvd6PJIALJIVVH9wgOJ4=,lIdY3RvFugyspzaB7oicoR8CSG0=
-27,0,xqbj9vswG0ebL2/+DEy591aP558=,xA4OvIvnlcH4DXZKNpcJSVV5eWY=
-17,0,UcXbM6FHDPSdZSXU7l8E6FsX3bg=,amI7x3/zjpH/+F2mQp+TBQjcm5E=
-32,7,Zlstq1wauiPUxzTVHc7QuApeJKM=,EowOT8Th5tKPh2HD2JClo5gLz+Y=
-31,7,Zlstq1wauiPUxzTVHc7QuApeJKM=,EowOT8Th5tKPh2HD2JClo5gLz+Y=
-30,7,uORqlb782AVA3xav0nSOJQOjBeM=,Qvyy/r/OGMaXdKEb8/Fzu7QKFIQ=
-26,15,dojMPT7OrZIEHJS/BdzlA6drKBY=,s7BtG2KivMMVaB9XPBlDBddElpA=
-30,4,dojMPT7OrZIEHJS/BdzlA6drKBY=,L7aZJJ++Jw2xxkKjCsex2Tl+FIc=
-32,4,Zlstq1wauiPUxzTVHc7QuApeJKM=,JBYgDhKNvsrVWXlYo7B9jl6v3oI=
-30,3,dojMPT7OrZIEHJS/BdzlA6drKBY=,cykedMPJSjbUYRxBJwDR5mvc4fk=
-32,3,Zlstq1wauiPUxzTVHc7QuApeJKM=,udRiryXQtvZHZuWPbrTSspFliuM=
-31,4,dojMPT7OrZIEHJS/BdzlA6drKBY=,JBYgDhKNvsrVWXlYo7B9jl6v3oI=
-31,3,dojMPT7OrZIEHJS/BdzlA6drKBY=,udRiryXQtvZHZuWPbrTSspFliuM=
-30,1,K+ZHiUYRbddGa1wHX9WCj/Dy3sk=,7DPQDGvN8DXNQ1tRWBeIhB8QPKI=
-30,2,Zlstq1wauiPUxzTVHc7QuApeJKM=,cykedMPJSjbUYRxBJwDR5mvc4fk=
-32,0,Zlstq1wauiPUxzTVHc7QuApeJKM=,oZrKcex8NiMvQXaVYxO09zMcsLk=
-30,0,xqbj9vswG0ebL2/+DEy591aP558=,7DPQDGvN8DXNQ1tRWBeIhB8QPKI=
-32,1,Zlstq1wauiPUxzTVHc7QuApeJKM=,oZrKcex8NiMvQXaVYxO09zMcsLk=
-31,1,Zlstq1wauiPUxzTVHc7QuApeJKM=,oZrKcex8NiMvQXaVYxO09zMcsLk=
-31,2,Zlstq1wauiPUxzTVHc7QuApeJKM=,udRiryXQtvZHZuWPbrTSspFliuM=
-31,0,Zlstq1wauiPUxzTVHc7QuApeJKM=,oZrKcex8NiMvQXaVYxO09zMcsLk=
-32,2,Zlstq1wauiPUxzTVHc7QuApeJKM=,udRiryXQtvZHZuWPbrTSspFliuM=
-22,17,3KpZKcaiPf3Wj6wNn5gHjOUirWM=,EeZCzZuISP3wBCtilVOqE8AF0dc=
-23,16,3KpZKcaiPf3Wj6wNn5gHjOUirWM=,3H8Gc2hlkY7UcbSCKQ6tktUq+m0=
-23,17,3KpZKcaiPf3Wj6wNn5gHjOUirWM=,3H8Gc2hlkY7UcbSCKQ6tktUq+m0=
-22,16,3KpZKcaiPf3Wj6wNn5gHjOUirWM=,EeZCzZuISP3wBCtilVOqE8AF0dc=
-25,17,c0yydIwvNVE4sZeazZtt8l6Gu6w=,LFpbhXL4a/KXuFYmABA2GK36nnA=
-24,17,3KpZKcaiPf3Wj6wNn5gHjOUirWM=,3H8Gc2hlkY7UcbSCKQ6tktUq+m0=
-25,16,c0yydIwvNVE4sZeazZtt8l6Gu6w=,LFpbhXL4a/KXuFYmABA2GK36nnA=
-20,17,bFzYUH7Bvd6PJIALJIVVH9wgOJ4=,UDBtnqhHEfycpZh9dcMeIZyT/w0=
-24,16,3KpZKcaiPf3Wj6wNn5gHjOUirWM=,3H8Gc2hlkY7UcbSCKQ6tktUq+m0=
-21,17,3KpZKcaiPf3Wj6wNn5gHjOUirWM=,EeZCzZuISP3wBCtilVOqE8AF0dc=
-18,17,bFzYUH7Bvd6PJIALJIVVH9wgOJ4=,VljfLymb/JuHI/LuOYkh3un0laI=
-19,17,bFzYUH7Bvd6PJIALJIVVH9wgOJ4=,UDBtnqhHEfycpZh9dcMeIZyT/w0=
-21,16,3KpZKcaiPf3Wj6wNn5gHjOUirWM=,EeZCzZuISP3wBCtilVOqE8AF0dc=
-20,16,bFzYUH7Bvd6PJIALJIVVH9wgOJ4=,UDBtnqhHEfycpZh9dcMeIZyT/w0=
-24,20,LCwxTZ8m9qmOq3P0mj1KYW4JUsA=,R7BBxfiRyGboZHn5ICy6i2m60uU=
-18,16,bFzYUH7Bvd6PJIALJIVVH9wgOJ4=,VljfLymb/JuHI/LuOYkh3un0laI=
-17,17,bFzYUH7Bvd6PJIALJIVVH9wgOJ4=,VljfLymb/JuHI/LuOYkh3un0laI=
-23,20,kPorJ5sSIz8ep0SMh2d/p9B+F14=,R7BBxfiRyGboZHn5ICy6i2m60uU=
-19,16,bFzYUH7Bvd6PJIALJIVVH9wgOJ4=,UDBtnqhHEfycpZh9dcMeIZyT/w0=
-24,21,uGOmZizJ8A4Gxb7yMaOKJ3OuGqU=,R7BBxfiRyGboZHn5ICy6i2m60uU=
-23,30,H67fAf56DpvOol+MjKpWEs8Cl18=,om8EafU1i9uiPjb/QQoqy3nXPYM=
-17,16,bFzYUH7Bvd6PJIALJIVVH9wgOJ4=,VljfLymb/JuHI/LuOYkh3un0laI=
-19,28,NtnabsxkKtqXNyIaqUsnJgpUm20=,zVOIXaQKy7CYXDk5LUQd4d4rbUw=
-23,31,qBU6RJfy3aHKQgWrPfhoSJl+hZE=,om8EafU1i9uiPjb/QQoqy3nXPYM=
-24,31,qBU6RJfy3aHKQgWrPfhoSJl+hZE=,om8EafU1i9uiPjb/QQoqy3nXPYM=
-23,21,uGOmZizJ8A4Gxb7yMaOKJ3OuGqU=,R7BBxfiRyGboZHn5ICy6i2m60uU=
-20,21,BGk6OBAYTrqmc4DHXfdx3MKsqjU=,hKrJ7ishuwMMuZSZB5yUTB6KwVQ=
-20,20,bFzYUH7Bvd6PJIALJIVVH9wgOJ4=,hKrJ7ishuwMMuZSZB5yUTB6KwVQ=
-19,21,BGk6OBAYTrqmc4DHXfdx3MKsqjU=,hKrJ7ishuwMMuZSZB5yUTB6KwVQ=
-19,20,bFzYUH7Bvd6PJIALJIVVH9wgOJ4=,hKrJ7ishuwMMuZSZB5yUTB6KwVQ=
-27,31,c0yydIwvNVE4sZeazZtt8l6Gu6w=,2S+5xpxac/V2E6hyQTX0a8yfiFo=
-28,30,c0yydIwvNVE4sZeazZtt8l6Gu6w=,2S+5xpxac/V2E6hyQTX0a8yfiFo=
-28,31,c0yydIwvNVE4sZeazZtt8l6Gu6w=,2S+5xpxac/V2E6hyQTX0a8yfiFo=
-24,30,H67fAf56DpvOol+MjKpWEs8Cl18=,om8EafU1i9uiPjb/QQoqy3nXPYM=
-27,30,c0yydIwvNVE4sZeazZtt8l6Gu6w=,2S+5xpxac/V2E6hyQTX0a8yfiFo=
-20,28,NtnabsxkKtqXNyIaqUsnJgpUm20=,zVOIXaQKy7CYXDk5LUQd4d4rbUw=
-23,27,H67fAf56DpvOol+MjKpWEs8Cl18=,p18/u5U/Ci4jn3rZxK7IBTaSH4g=
-24,27,H67fAf56DpvOol+MjKpWEs8Cl18=,p18/u5U/Ci4jn3rZxK7IBTaSH4g=
-31,30,ySb74B2AThsJW9RYgW6qTquqWmc=,siJnC79/6KUtbP6XdWRpTdoIlvE=
-32,30,c0yydIwvNVE4sZeazZtt8l6Gu6w=,siJnC79/6KUtbP6XdWRpTdoIlvE=
-32,31,c0yydIwvNVE4sZeazZtt8l6Gu6w=,siJnC79/6KUtbP6XdWRpTdoIlvE=
-31,31,c0yydIwvNVE4sZeazZtt8l6Gu6w=,siJnC79/6KUtbP6XdWRpTdoIlvE=
-26,17,c0yydIwvNVE4sZeazZtt8l6Gu6w=,LFpbhXL4a/KXuFYmABA2GK36nnA=
-20,29,NtnabsxkKtqXNyIaqUsnJgpUm20=,zVOIXaQKy7CYXDk5LUQd4d4rbUw=
-19,29,NtnabsxkKtqXNyIaqUsnJgpUm20=,zVOIXaQKy7CYXDk5LUQd4d4rbUw=
-30,26,ySb74B2AThsJW9RYgW6qTquqWmc=,9EGZNh/VNOW11RiCZhPxGKBqr4w=
-29,26,c0yydIwvNVE4sZeazZtt8l6Gu6w=,9EGZNh/VNOW11RiCZhPxGKBqr4w=
-29,27,Zlstq1wauiPUxzTVHc7QuApeJKM=,9EGZNh/VNOW11RiCZhPxGKBqr4w=
-30,27,ySb74B2AThsJW9RYgW6qTquqWmc=,9EGZNh/VNOW11RiCZhPxGKBqr4w=
-26,16,nDMhPJVT9R9hVRaXRlluqJdWP9M=,LFpbhXL4a/KXuFYmABA2GK36nnA=
-24,26,H67fAf56DpvOol+MjKpWEs8Cl18=,p18/u5U/Ci4jn3rZxK7IBTaSH4g=
-23,26,H67fAf56DpvOol+MjKpWEs8Cl18=,p18/u5U/Ci4jn3rZxK7IBTaSH4g=
-30,16,c0yydIwvNVE4sZeazZtt8l6Gu6w=,PQnqWGedPKDXui/0CSHVZzyAURM=
-29,17,nDMhPJVT9R9hVRaXRlluqJdWP9M=,PQnqWGedPKDXui/0CSHVZzyAURM=
-29,16,c0yydIwvNVE4sZeazZtt8l6Gu6w=,PQnqWGedPKDXui/0CSHVZzyAURM=
-30,17,nDMhPJVT9R9hVRaXRlluqJdWP9M=,PQnqWGedPKDXui/0CSHVZzyAURM=
-29,21,vFQhYGA9+onK14TkxaGZOBxCHHE=,NlqY7quvSojTlqcbfAc/kpbPZyQ=
-30,21,1L8G73DVoR3hBdDNDUyzyMIHRuE=,NlqY7quvSojTlqcbfAc/kpbPZyQ=
-30,20,1L8G73DVoR3hBdDNDUyzyMIHRuE=,NlqY7quvSojTlqcbfAc/kpbPZyQ=
-29,20,AmCFZ3+7LtQhPQ5h+w130nlLM9s=,NlqY7quvSojTlqcbfAc/kpbPZyQ=
-2,30,MbJ4TKSSSEPM87cQfBDELys6Chw=,ThbXyLPkd1w0aEPB5AkHVz07C9s=
-4,28,MbJ4TKSSSEPM87cQfBDELys6Chw=,EiMZ9OV7yastxZZQ9cTuPFOMm/0=
-5,28,MbJ4TKSSSEPM87cQfBDELys6Chw=,TRfayzzo00xSzSUFJU418/cuT2g=
-5,27,MbJ4TKSSSEPM87cQfBDELys6Chw=,BDf2XYJuy2G4VsOK2xPYtouL1ig=
-2,29,MbJ4TKSSSEPM87cQfBDELys6Chw=,lCMec8pIO97Dxfp4gmdn7J0/uFQ=
-3,30,MbJ4TKSSSEPM87cQfBDELys6Chw=,MT2UAy3blpS13HGYgwKhG6ykbq4=
-4,27,MbJ4TKSSSEPM87cQfBDELys6Chw=,ThbXyLPkd1w0aEPB5AkHVz07C9s=
-3,29,MbJ4TKSSSEPM87cQfBDELys6Chw=,EiMZ9OV7yastxZZQ9cTuPFOMm/0=
-5,25,spT4cxfH/Lli0LD+wh8qgZf8V78=,fg7UtCCFzxYQdFkfW1CAUBsrCQg=
-5,26,spT4cxfH/Lli0LD+wh8qgZf8V78=,BDf2XYJuy2G4VsOK2xPYtouL1ig=
-4,26,spT4cxfH/Lli0LD+wh8qgZf8V78=,ThbXyLPkd1w0aEPB5AkHVz07C9s=
-4,25,spT4cxfH/Lli0LD+wh8qgZf8V78=,K0GcF76FCjuIy8XYtXXnRrGKDOc=
-4,24,c0NzmWD3C95kvpMrQRtF0BEykLI=,K0GcF76FCjuIy8XYtXXnRrGKDOc=
-4,23,+DbS1IXjWfQOGXb9t7b3xp7Ohf8=,b9EzaWO5BwbZNj2VctfXlA7rtko=
-5,24,c0NzmWD3C95kvpMrQRtF0BEykLI=,fg7UtCCFzxYQdFkfW1CAUBsrCQg=
-5,23,+DbS1IXjWfQOGXb9t7b3xp7Ohf8=,b9EzaWO5BwbZNj2VctfXlA7rtko=
-6,22,0AEmyzKObLJN9k8w9nXHX+ijqnc=,b9EzaWO5BwbZNj2VctfXlA7rtko=
-7,22,0AEmyzKObLJN9k8w9nXHX+ijqnc=,i5LNUxHV/n5nvRytnAwIHgAzjZk=
-6,21,0AEmyzKObLJN9k8w9nXHX+ijqnc=,BW5yOlxBzWF5gsqNotTvkVoTDXs=
-7,21,0AEmyzKObLJN9k8w9nXHX+ijqnc=,41J7aHfc1nA2EM1Fov/rPzYX+T0=
-4,22,+fsBuMKNGterU85njVh9lFIqddU=,b9EzaWO5BwbZNj2VctfXlA7rtko=
-4,21,kNSqLqMSPJH0CPzGYRjNNRg6nLQ=,rKDz+F1DFfZk12fibVv2w40B4yc=
-5,22,+fsBuMKNGterU85njVh9lFIqddU=,b9EzaWO5BwbZNj2VctfXlA7rtko=
-5,21,+fsBuMKNGterU85njVh9lFIqddU=,BW5yOlxBzWF5gsqNotTvkVoTDXs=
-4,20,Zpt9sEyNxcbK6DHztDayAFhOKxI=,rKDz+F1DFfZk12fibVv2w40B4yc=
-6,20,0AEmyzKObLJN9k8w9nXHX+ijqnc=,BW5yOlxBzWF5gsqNotTvkVoTDXs=
-4,19,kNSqLqMSPJH0CPzGYRjNNRg6nLQ=,I0JsRjaVih13pPSa0K6MrCxOdow=
-6,19,QVwxr0wBmJUwLoIA7ZmiG85FsVE=,hkRCRtcoTSqKLjWHY/1MUU53Rqk=
-5,20,0AEmyzKObLJN9k8w9nXHX+ijqnc=,BW5yOlxBzWF5gsqNotTvkVoTDXs=
-5,19,QVwxr0wBmJUwLoIA7ZmiG85FsVE=,hkRCRtcoTSqKLjWHY/1MUU53Rqk=
-7,20,0AEmyzKObLJN9k8w9nXHX+ijqnc=,41J7aHfc1nA2EM1Fov/rPzYX+T0=
-7,19,QVwxr0wBmJUwLoIA7ZmiG85FsVE=,e45E8kr4zua/AGqTwRlrtXpwakc=
-3,22,+DbS1IXjWfQOGXb9t7b3xp7Ohf8=,b9EzaWO5BwbZNj2VctfXlA7rtko=
-2,21,kNSqLqMSPJH0CPzGYRjNNRg6nLQ=,BVUVF4MHHoVaHYSRavjQm2HPzhs=
-3,21,kNSqLqMSPJH0CPzGYRjNNRg6nLQ=,rKDz+F1DFfZk12fibVv2w40B4yc=
-4,18,kNSqLqMSPJH0CPzGYRjNNRg6nLQ=,I0JsRjaVih13pPSa0K6MrCxOdow=
-5,18,QVwxr0wBmJUwLoIA7ZmiG85FsVE=,hkRCRtcoTSqKLjWHY/1MUU53Rqk=
-4,17,QVwxr0wBmJUwLoIA7ZmiG85FsVE=,cLQPnh4WXTqYc4qM4BEGctTVohg=
-5,17,QVwxr0wBmJUwLoIA7ZmiG85FsVE=,/jemijn+uwr9nnav8OoE6ZRXEl4=
-1,21,kNSqLqMSPJH0CPzGYRjNNRg6nLQ=,BVUVF4MHHoVaHYSRavjQm2HPzhs=
-2,31,SSU69bTdrlhIg7tCnHkonPg+dzY=,ThbXyLPkd1w0aEPB5AkHVz07C9s=
-3,31,SSU69bTdrlhIg7tCnHkonPg+dzY=,MT2UAy3blpS13HGYgwKhG6ykbq4=
-5,29,SSU69bTdrlhIg7tCnHkonPg+dzY=,TRfayzzo00xSzSUFJU418/cuT2g=
-4,30,SSU69bTdrlhIg7tCnHkonPg+dzY=,MT2UAy3blpS13HGYgwKhG6ykbq4=
-1,31,SSU69bTdrlhIg7tCnHkonPg+dzY=,ThbXyLPkd1w0aEPB5AkHVz07C9s=
-3,28,SSU69bTdrlhIg7tCnHkonPg+dzY=,EiMZ9OV7yastxZZQ9cTuPFOMm/0=
-2,28,SSU69bTdrlhIg7tCnHkonPg+dzY=,lCMec8pIO97Dxfp4gmdn7J0/uFQ=
-4,29,SSU69bTdrlhIg7tCnHkonPg+dzY=,EiMZ9OV7yastxZZQ9cTuPFOMm/0=
-3,27,SSU69bTdrlhIg7tCnHkonPg+dzY=,ThbXyLPkd1w0aEPB5AkHVz07C9s=
-2,20,kNSqLqMSPJH0CPzGYRjNNRg6nLQ=,BVUVF4MHHoVaHYSRavjQm2HPzhs=
-1,20,kNSqLqMSPJH0CPzGYRjNNRg6nLQ=,BVUVF4MHHoVaHYSRavjQm2HPzhs=
-3,19,kNSqLqMSPJH0CPzGYRjNNRg6nLQ=,I0JsRjaVih13pPSa0K6MrCxOdow=
-2,19,QVwxr0wBmJUwLoIA7ZmiG85FsVE=,UF7qceLYJqhCLDp3oUGTjK04AmE=
-3,20,kNSqLqMSPJH0CPzGYRjNNRg6nLQ=,rKDz+F1DFfZk12fibVv2w40B4yc=
-1,19,QVwxr0wBmJUwLoIA7ZmiG85FsVE=,UF7qceLYJqhCLDp3oUGTjK04AmE=
-2,18,QVwxr0wBmJUwLoIA7ZmiG85FsVE=,UF7qceLYJqhCLDp3oUGTjK04AmE=
-3,18,Zpt9sEyNxcbK6DHztDayAFhOKxI=,I0JsRjaVih13pPSa0K6MrCxOdow=
-2,16,QVwxr0wBmJUwLoIA7ZmiG85FsVE=,pGc0LuiBX7GWPF6zP818CgYM63M=
-1,18,QVwxr0wBmJUwLoIA7ZmiG85FsVE=,UF7qceLYJqhCLDp3oUGTjK04AmE=
-1,16,QVwxr0wBmJUwLoIA7ZmiG85FsVE=,pGc0LuiBX7GWPF6zP818CgYM63M=
-3,16,QVwxr0wBmJUwLoIA7ZmiG85FsVE=,cLQPnh4WXTqYc4qM4BEGctTVohg=
-2,17,QVwxr0wBmJUwLoIA7ZmiG85FsVE=,pGc0LuiBX7GWPF6zP818CgYM63M=
-3,17,QVwxr0wBmJUwLoIA7ZmiG85FsVE=,cLQPnh4WXTqYc4qM4BEGctTVohg=
-1,17,QVwxr0wBmJUwLoIA7ZmiG85FsVE=,pGc0LuiBX7GWPF6zP818CgYM63M=
-10,17,0ZsuGgj4js78y7EI6VetKJiO8xU=,NZcyM64sQqHmyCstFPHaKkyeIVs=
-10,18,0ZsuGgj4js78y7EI6VetKJiO8xU=,YaajpQkE1ciw6zMXsQuo7G+cpmo=
-11,17,0ZsuGgj4js78y7EI6VetKJiO8xU=,6XLaPiD/BgS+/A1liBHypGkrTPI=
-11,16,czSOFnMQwXlheRv6hTCr/ZAHGWA=,6XLaPiD/BgS+/A1liBHypGkrTPI=
-10,16,czSOFnMQwXlheRv6hTCr/ZAHGWA=,NZcyM64sQqHmyCstFPHaKkyeIVs=
-13,16,czSOFnMQwXlheRv6hTCr/ZAHGWA=,3KcpZ8FRU4XoFvLV7GcPeCJR3Dc=
-13,17,0ZsuGgj4js78y7EI6VetKJiO8xU=,3KcpZ8FRU4XoFvLV7GcPeCJR3Dc=
-12,16,czSOFnMQwXlheRv6hTCr/ZAHGWA=,6XLaPiD/BgS+/A1liBHypGkrTPI=
-12,17,0ZsuGgj4js78y7EI6VetKJiO8xU=,6XLaPiD/BgS+/A1liBHypGkrTPI=
-10,20,QVwxr0wBmJUwLoIA7ZmiG85FsVE=,W06qLgoISPKaDhCTsvowY3sn3+s=
-8,22,N4fVmVGImhwTOdt3Ocb38SyPV5A=,i5LNUxHV/n5nvRytnAwIHgAzjZk=
-9,21,QVwxr0wBmJUwLoIA7ZmiG85FsVE=,W06qLgoISPKaDhCTsvowY3sn3+s=
-15,16,czSOFnMQwXlheRv6hTCr/ZAHGWA=,IZvsptPy4/SPHTu76E3EkqYx0GM=
-15,17,czSOFnMQwXlheRv6hTCr/ZAHGWA=,IZvsptPy4/SPHTu76E3EkqYx0GM=
-9,22,N4fVmVGImhwTOdt3Ocb38SyPV5A=,i5LNUxHV/n5nvRytnAwIHgAzjZk=
-10,19,QVwxr0wBmJUwLoIA7ZmiG85FsVE=,YaajpQkE1ciw6zMXsQuo7G+cpmo=
-14,16,czSOFnMQwXlheRv6hTCr/ZAHGWA=,3KcpZ8FRU4XoFvLV7GcPeCJR3Dc=
-14,17,czSOFnMQwXlheRv6hTCr/ZAHGWA=,3KcpZ8FRU4XoFvLV7GcPeCJR3Dc=
-9,19,czSOFnMQwXlheRv6hTCr/ZAHGWA=,YaajpQkE1ciw6zMXsQuo7G+cpmo=
-16,17,czSOFnMQwXlheRv6hTCr/ZAHGWA=,IZvsptPy4/SPHTu76E3EkqYx0GM=
-7,23,+DbS1IXjWfQOGXb9t7b3xp7Ohf8=,i5LNUxHV/n5nvRytnAwIHgAzjZk=
-8,20,N4fVmVGImhwTOdt3Ocb38SyPV5A=,41J7aHfc1nA2EM1Fov/rPzYX+T0=
-6,24,3kZiZ4DD0p2STLaT2xEber8WIEc=,fg7UtCCFzxYQdFkfW1CAUBsrCQg=
-9,23,+DbS1IXjWfQOGXb9t7b3xp7Ohf8=,i5LNUxHV/n5nvRytnAwIHgAzjZk=
-9,20,czSOFnMQwXlheRv6hTCr/ZAHGWA=,W06qLgoISPKaDhCTsvowY3sn3+s=
-6,23,+DbS1IXjWfQOGXb9t7b3xp7Ohf8=,b9EzaWO5BwbZNj2VctfXlA7rtko=
-8,23,+DbS1IXjWfQOGXb9t7b3xp7Ohf8=,i5LNUxHV/n5nvRytnAwIHgAzjZk=
-3,24,3kZiZ4DD0p2STLaT2xEber8WIEc=,K0GcF76FCjuIy8XYtXXnRrGKDOc=
-3,23,+DbS1IXjWfQOGXb9t7b3xp7Ohf8=,b9EzaWO5BwbZNj2VctfXlA7rtko=
-4,16,QVwxr0wBmJUwLoIA7ZmiG85FsVE=,cLQPnh4WXTqYc4qM4BEGctTVohg=
-3,26,3kZiZ4DD0p2STLaT2xEber8WIEc=,ThbXyLPkd1w0aEPB5AkHVz07C9s=
-8,21,N4fVmVGImhwTOdt3Ocb38SyPV5A=,41J7aHfc1nA2EM1Fov/rPzYX+T0=
-8,19,czSOFnMQwXlheRv6hTCr/ZAHGWA=,e45E8kr4zua/AGqTwRlrtXpwakc=
-5,16,QVwxr0wBmJUwLoIA7ZmiG85FsVE=,/jemijn+uwr9nnav8OoE6ZRXEl4=
-3,25,3kZiZ4DD0p2STLaT2xEber8WIEc=,K0GcF76FCjuIy8XYtXXnRrGKDOc=
-6,26,3kZiZ4DD0p2STLaT2xEber8WIEc=,BDf2XYJuy2G4VsOK2xPYtouL1ig=
-7,26,3kZiZ4DD0p2STLaT2xEber8WIEc=,gyXjrOiV4ePxJAWnAwDRUH0FZFE=
-6,25,3kZiZ4DD0p2STLaT2xEber8WIEc=,fg7UtCCFzxYQdFkfW1CAUBsrCQg=
-6,27,3kZiZ4DD0p2STLaT2xEber8WIEc=,BDf2XYJuy2G4VsOK2xPYtouL1ig=
-6,28,3kZiZ4DD0p2STLaT2xEber8WIEc=,TRfayzzo00xSzSUFJU418/cuT2g=
-7,27,3kZiZ4DD0p2STLaT2xEber8WIEc=,gyXjrOiV4ePxJAWnAwDRUH0FZFE=
-6,29,3kZiZ4DD0p2STLaT2xEber8WIEc=,TRfayzzo00xSzSUFJU418/cuT2g=
-9,30,3kZiZ4DD0p2STLaT2xEber8WIEc=,gyXjrOiV4ePxJAWnAwDRUH0FZFE=
-9,31,3kZiZ4DD0p2STLaT2xEber8WIEc=,gyXjrOiV4ePxJAWnAwDRUH0FZFE=
-1,30,3kZiZ4DD0p2STLaT2xEber8WIEc=,ThbXyLPkd1w0aEPB5AkHVz07C9s=
-1,29,3kZiZ4DD0p2STLaT2xEber8WIEc=,lCMec8pIO97Dxfp4gmdn7J0/uFQ=
-1,28,3kZiZ4DD0p2STLaT2xEber8WIEc=,lCMec8pIO97Dxfp4gmdn7J0/uFQ=
-10,21,QVwxr0wBmJUwLoIA7ZmiG85FsVE=,W06qLgoISPKaDhCTsvowY3sn3+s=
-10,22,N4fVmVGImhwTOdt3Ocb38SyPV5A=,i5LNUxHV/n5nvRytnAwIHgAzjZk=
-10,23,+DbS1IXjWfQOGXb9t7b3xp7Ohf8=,i5LNUxHV/n5nvRytnAwIHgAzjZk=
-4,31,3kZiZ4DD0p2STLaT2xEber8WIEc=,MT2UAy3blpS13HGYgwKhG6ykbq4=
-8,26,3kZiZ4DD0p2STLaT2xEber8WIEc=,gyXjrOiV4ePxJAWnAwDRUH0FZFE=
-8,27,3kZiZ4DD0p2STLaT2xEber8WIEc=,gyXjrOiV4ePxJAWnAwDRUH0FZFE=
-10,31,3kZiZ4DD0p2STLaT2xEber8WIEc=,gyXjrOiV4ePxJAWnAwDRUH0FZFE=
-10,30,3kZiZ4DD0p2STLaT2xEber8WIEc=,gyXjrOiV4ePxJAWnAwDRUH0FZFE=
-14,30,3kZiZ4DD0p2STLaT2xEber8WIEc=,YqPoweWOXvagmuiescYJRRCvsQ4=
-13,30,3kZiZ4DD0p2STLaT2xEber8WIEc=,YqPoweWOXvagmuiescYJRRCvsQ4=
-14,31,3kZiZ4DD0p2STLaT2xEber8WIEc=,YqPoweWOXvagmuiescYJRRCvsQ4=
-13,31,3kZiZ4DD0p2STLaT2xEber8WIEc=,YqPoweWOXvagmuiescYJRRCvsQ4=
-13,26,3kZiZ4DD0p2STLaT2xEber8WIEc=,YqPoweWOXvagmuiescYJRRCvsQ4=
-13,27,3kZiZ4DD0p2STLaT2xEber8WIEc=,YqPoweWOXvagmuiescYJRRCvsQ4=
-13,22,QVwxr0wBmJUwLoIA7ZmiG85FsVE=,JRNgnPkKCHe44HB9r/aM1GCOgLE=
-13,23,QVwxr0wBmJUwLoIA7ZmiG85FsVE=,JRNgnPkKCHe44HB9r/aM1GCOgLE=
-14,23,0ZsuGgj4js78y7EI6VetKJiO8xU=,JRNgnPkKCHe44HB9r/aM1GCOgLE=
-16,16,QVwxr0wBmJUwLoIA7ZmiG85FsVE=,IZvsptPy4/SPHTu76E3EkqYx0GM=
-14,22,0ZsuGgj4js78y7EI6VetKJiO8xU=,JRNgnPkKCHe44HB9r/aM1GCOgLE=
-14,27,3kZiZ4DD0p2STLaT2xEber8WIEc=,YqPoweWOXvagmuiescYJRRCvsQ4=
-14,26,3kZiZ4DD0p2STLaT2xEber8WIEc=,YqPoweWOXvagmuiescYJRRCvsQ4=
-8,18,czSOFnMQwXlheRv6hTCr/ZAHGWA=,e45E8kr4zua/AGqTwRlrtXpwakc=
-7,18,czSOFnMQwXlheRv6hTCr/ZAHGWA=,e45E8kr4zua/AGqTwRlrtXpwakc=
-9,17,czSOFnMQwXlheRv6hTCr/ZAHGWA=,NZcyM64sQqHmyCstFPHaKkyeIVs=
-8,16,QVwxr0wBmJUwLoIA7ZmiG85FsVE=,ltYGJ9AJXWw+U9W7tXXZSalTrKE=
-9,16,QVwxr0wBmJUwLoIA7ZmiG85FsVE=,NZcyM64sQqHmyCstFPHaKkyeIVs=
-6,18,czSOFnMQwXlheRv6hTCr/ZAHGWA=,hkRCRtcoTSqKLjWHY/1MUU53Rqk=
-7,17,czSOFnMQwXlheRv6hTCr/ZAHGWA=,ltYGJ9AJXWw+U9W7tXXZSalTrKE=
-9,18,czSOFnMQwXlheRv6hTCr/ZAHGWA=,YaajpQkE1ciw6zMXsQuo7G+cpmo=
-8,17,czSOFnMQwXlheRv6hTCr/ZAHGWA=,ltYGJ9AJXWw+U9W7tXXZSalTrKE=
-7,16,QVwxr0wBmJUwLoIA7ZmiG85FsVE=,ltYGJ9AJXWw+U9W7tXXZSalTrKE=
-6,17,czSOFnMQwXlheRv6hTCr/ZAHGWA=,/jemijn+uwr9nnav8OoE6ZRXEl4=
-6,16,QVwxr0wBmJUwLoIA7ZmiG85FsVE=,/jemijn+uwr9nnav8OoE6ZRXEl4=
-2,2,nikHImWQkpd6xTQSYgJJnHBbMrc=,2AFP03gT9B8a9GOECNhKw+yZgGs=
-2,1,0jPoY2/I0myUmVDIochmTB3RqG8=,59zMgQIAKQm3TsRx/WdxYBrZ6sw=
-3,2,nikHImWQkpd6xTQSYgJJnHBbMrc=,2VCcgXRiKOjdacHj4DlpPGMoC2w=
-3,1,0jPoY2/I0myUmVDIochmTB3RqG8=,D1dFzrd9iOgPCKav/FbFZqoyAI8=
-6,4,D2N5MEhHd/imxrB8/5q10hBrz00=,HI1UVcBgDwZkuohwEvEG3mAKLoU=
-7,4,D2N5MEhHd/imxrB8/5q10hBrz00=,Xrb5dasxGnkUc5kFGylysC4Z+cc=
-6,3,D2N5MEhHd/imxrB8/5q10hBrz00=,GAPbGVhrczwro15IIgw3mtYMGTM=
-7,3,D2N5MEhHd/imxrB8/5q10hBrz00=,mfM1XpIlm0VL6KzdGMqLQyM9gBM=
-4,4,zoot0ea64yqJGhoMNI3tb78V5kM=,UEB2DdL+AXjv68DJF+EOEStAZ9Y=
-5,4,D2N5MEhHd/imxrB8/5q10hBrz00=,HI1UVcBgDwZkuohwEvEG3mAKLoU=
-4,3,zoot0ea64yqJGhoMNI3tb78V5kM=,2VCcgXRiKOjdacHj4DlpPGMoC2w=
-5,3,D2N5MEhHd/imxrB8/5q10hBrz00=,GAPbGVhrczwro15IIgw3mtYMGTM=
-2,4,nikHImWQkpd6xTQSYgJJnHBbMrc=,ljQbG4ZTk7+5F9ZelYigdVTDsFs=
-3,4,nikHImWQkpd6xTQSYgJJnHBbMrc=,UEB2DdL+AXjv68DJF+EOEStAZ9Y=
-2,3,nikHImWQkpd6xTQSYgJJnHBbMrc=,2AFP03gT9B8a9GOECNhKw+yZgGs=
-3,3,nikHImWQkpd6xTQSYgJJnHBbMrc=,2VCcgXRiKOjdacHj4DlpPGMoC2w=
-2,6,iwyCRrJf3WzT52Qzr1KPOdwc5UM=,NhNBcc/yD2fvK+8e1V00mfZvIvI=
-2,5,nikHImWQkpd6xTQSYgJJnHBbMrc=,ljQbG4ZTk7+5F9ZelYigdVTDsFs=
-3,6,fl7pRUepi+r6lGqoxvBG2e5GV5w=,2vHu/PJf2FFGYtt4kob6FAeGfBg=
-3,5,nikHImWQkpd6xTQSYgJJnHBbMrc=,UEB2DdL+AXjv68DJF+EOEStAZ9Y=
-3,8,iwyCRrJf3WzT52Qzr1KPOdwc5UM=,KDaKLt86S5yQhHFKAQo8nQ+DE0k=
-2,8,iwyCRrJf3WzT52Qzr1KPOdwc5UM=,GuV43dPID+7/eu2f+9AnMdQey/o=
-2,7,iwyCRrJf3WzT52Qzr1KPOdwc5UM=,NhNBcc/yD2fvK+8e1V00mfZvIvI=
-3,7,xs9xNhCXKYwKSgb9VBIgVJhLpsU=,2vHu/PJf2FFGYtt4kob6FAeGfBg=
-4,8,iwyCRrJf3WzT52Qzr1KPOdwc5UM=,KDaKLt86S5yQhHFKAQo8nQ+DE0k=
-5,6,fl7pRUepi+r6lGqoxvBG2e5GV5w=,fJc4qK7xGleYmB79Osj8u6GPWJA=
-5,7,fl7pRUepi+r6lGqoxvBG2e5GV5w=,fJc4qK7xGleYmB79Osj8u6GPWJA=
-4,6,fl7pRUepi+r6lGqoxvBG2e5GV5w=,2vHu/PJf2FFGYtt4kob6FAeGfBg=
-4,7,fl7pRUepi+r6lGqoxvBG2e5GV5w=,2vHu/PJf2FFGYtt4kob6FAeGfBg=
-5,8,iwyCRrJf3WzT52Qzr1KPOdwc5UM=,YYjs9dcRTnUj08U8gyG5f516xmA=
-5,5,D2N5MEhHd/imxrB8/5q10hBrz00=,HI1UVcBgDwZkuohwEvEG3mAKLoU=
-4,5,nikHImWQkpd6xTQSYgJJnHBbMrc=,UEB2DdL+AXjv68DJF+EOEStAZ9Y=
-7,8,NXl7uweH5bh0KO/yk3xI7IvvVXo=,TwCHU3giHu3dJDmQWL/7TSoQV+s=
-6,6,EpQl45wfuGoBPcMsaoVdh3Yk34o=,fJc4qK7xGleYmB79Osj8u6GPWJA=
-6,5,D2N5MEhHd/imxrB8/5q10hBrz00=,HI1UVcBgDwZkuohwEvEG3mAKLoU=
-7,6,yqcxr78ji+Cb5nERCr71/PrQpsg=,lEjndJB36g+UFfrP5sLILcrqZsE=
-6,7,fl7pRUepi+r6lGqoxvBG2e5GV5w=,fJc4qK7xGleYmB79Osj8u6GPWJA=
-6,8,NXl7uweH5bh0KO/yk3xI7IvvVXo=,YYjs9dcRTnUj08U8gyG5f516xmA=
-7,5,D2N5MEhHd/imxrB8/5q10hBrz00=,Xrb5dasxGnkUc5kFGylysC4Z+cc=
-7,7,Zj2l6kR7dPZuvJtHxee2mr5d0NY=,lEjndJB36g+UFfrP5sLILcrqZsE=
-6,10,NXl7uweH5bh0KO/yk3xI7IvvVXo=,O0JGYspmpBab2Ag1GDb6zHV3sZ8=
-7,10,NXl7uweH5bh0KO/yk3xI7IvvVXo=,UFEPSX7qpcCCOzvJ+XL+zOjYDn4=
-6,9,NXl7uweH5bh0KO/yk3xI7IvvVXo=,YYjs9dcRTnUj08U8gyG5f516xmA=
-7,9,NXl7uweH5bh0KO/yk3xI7IvvVXo=,TwCHU3giHu3dJDmQWL/7TSoQV+s=
-4,10,NXl7uweH5bh0KO/yk3xI7IvvVXo=,CWAEwwvi347Lm+6pp4ahKsSoz8k=
-5,10,NXl7uweH5bh0KO/yk3xI7IvvVXo=,O0JGYspmpBab2Ag1GDb6zHV3sZ8=
-4,9,NXl7uweH5bh0KO/yk3xI7IvvVXo=,KDaKLt86S5yQhHFKAQo8nQ+DE0k=
-5,9,NXl7uweH5bh0KO/yk3xI7IvvVXo=,YYjs9dcRTnUj08U8gyG5f516xmA=
-3,10,NXl7uweH5bh0KO/yk3xI7IvvVXo=,CWAEwwvi347Lm+6pp4ahKsSoz8k=
-2,10,NXl7uweH5bh0KO/yk3xI7IvvVXo=,RzeBgxFcQXhSogZct8Qn6u2jfu8=
-2,9,NXl7uweH5bh0KO/yk3xI7IvvVXo=,GuV43dPID+7/eu2f+9AnMdQey/o=
-3,9,NXl7uweH5bh0KO/yk3xI7IvvVXo=,KDaKLt86S5yQhHFKAQo8nQ+DE0k=
-5,12,fB42osWesVlm0eE6dqHLgNlgS0I=,YpBHmHmIFSwyZGWsitUWuQDJHCM=
-4,12,fB42osWesVlm0eE6dqHLgNlgS0I=,FwOoSKsgwES0u875hAmADbd1w7U=
-5,11,fB42osWesVlm0eE6dqHLgNlgS0I=,O0JGYspmpBab2Ag1GDb6zHV3sZ8=
-4,11,fB42osWesVlm0eE6dqHLgNlgS0I=,CWAEwwvi347Lm+6pp4ahKsSoz8k=
-3,12,fB42osWesVlm0eE6dqHLgNlgS0I=,FwOoSKsgwES0u875hAmADbd1w7U=
-2,12,fB42osWesVlm0eE6dqHLgNlgS0I=,uJfg/7DWuvJXxc+AdS7k/wAqRrY=
-2,11,fB42osWesVlm0eE6dqHLgNlgS0I=,RzeBgxFcQXhSogZct8Qn6u2jfu8=
-3,11,fB42osWesVlm0eE6dqHLgNlgS0I=,CWAEwwvi347Lm+6pp4ahKsSoz8k=
-4,14,fB42osWesVlm0eE6dqHLgNlgS0I=,wdyO6IchNxtaUWWwpFJYK/uhpkw=
-5,14,fB42osWesVlm0eE6dqHLgNlgS0I=,3CDnz+blFeI538S2d6t3Rgu9n64=
-5,13,fB42osWesVlm0eE6dqHLgNlgS0I=,YpBHmHmIFSwyZGWsitUWuQDJHCM=
-4,13,fB42osWesVlm0eE6dqHLgNlgS0I=,FwOoSKsgwES0u875hAmADbd1w7U=
-3,14,NXl7uweH5bh0KO/yk3xI7IvvVXo=,wdyO6IchNxtaUWWwpFJYK/uhpkw=
-2,14,NXl7uweH5bh0KO/yk3xI7IvvVXo=,pLa/GGpWEUPglrbhVIp6fhhqpgs=
-3,13,NXl7uweH5bh0KO/yk3xI7IvvVXo=,FwOoSKsgwES0u875hAmADbd1w7U=
-2,13,NXl7uweH5bh0KO/yk3xI7IvvVXo=,uJfg/7DWuvJXxc+AdS7k/wAqRrY=
-6,12,NXl7uweH5bh0KO/yk3xI7IvvVXo=,YpBHmHmIFSwyZGWsitUWuQDJHCM=
-6,14,fB42osWesVlm0eE6dqHLgNlgS0I=,3CDnz+blFeI538S2d6t3Rgu9n64=
-6,13,fB42osWesVlm0eE6dqHLgNlgS0I=,YpBHmHmIFSwyZGWsitUWuQDJHCM=
-7,12,NXl7uweH5bh0KO/yk3xI7IvvVXo=,JNTW8+ZzYFi0gGP7nVIlU2UF8GY=
-7,14,fB42osWesVlm0eE6dqHLgNlgS0I=,usO65rXuZVCF6SSHw2+1X0rzy3E=
-6,11,NXl7uweH5bh0KO/yk3xI7IvvVXo=,O0JGYspmpBab2Ag1GDb6zHV3sZ8=
-7,13,fB42osWesVlm0eE6dqHLgNlgS0I=,JNTW8+ZzYFi0gGP7nVIlU2UF8GY=
-7,11,NXl7uweH5bh0KO/yk3xI7IvvVXo=,UFEPSX7qpcCCOzvJ+XL+zOjYDn4=
-8,14,VnSI0RWS06XEelac6tSbrJBYd74=,usO65rXuZVCF6SSHw2+1X0rzy3E=
-9,14,VnSI0RWS06XEelac6tSbrJBYd74=,4W/EI35AFG0TjGaYAZyK/EtIEvA=
-8,13,VnSI0RWS06XEelac6tSbrJBYd74=,JNTW8+ZzYFi0gGP7nVIlU2UF8GY=
-9,13,VnSI0RWS06XEelac6tSbrJBYd74=,wNPFm9fNSP9AZfwPEXai7US6Fns=
-10,14,VnSI0RWS06XEelac6tSbrJBYd74=,4W/EI35AFG0TjGaYAZyK/EtIEvA=
-11,14,VnSI0RWS06XEelac6tSbrJBYd74=,YWrH/FfsWLU+WeXvuaTELBywRz8=
-10,13,VnSI0RWS06XEelac6tSbrJBYd74=,wNPFm9fNSP9AZfwPEXai7US6Fns=
-11,13,VnSI0RWS06XEelac6tSbrJBYd74=,61yGoULbqsDJVuRIdfNlGhwO/WA=
-12,14,VnSI0RWS06XEelac6tSbrJBYd74=,YWrH/FfsWLU+WeXvuaTELBywRz8=
-13,14,VnSI0RWS06XEelac6tSbrJBYd74=,PFjDg1Y5yLNQ3N788Dh1fkjM+wY=
-13,13,VnSI0RWS06XEelac6tSbrJBYd74=,l6HI6hlNZqngL+1uCHXh0rj6P+s=
-12,13,VnSI0RWS06XEelac6tSbrJBYd74=,61yGoULbqsDJVuRIdfNlGhwO/WA=
-13,10,iwyCRrJf3WzT52Qzr1KPOdwc5UM=,yZvxuQ12hD2WfKlDbjZDnb6jmCo=
-13,11,QVwxr0wBmJUwLoIA7ZmiG85FsVE=,yZvxuQ12hD2WfKlDbjZDnb6jmCo=
-12,12,QVwxr0wBmJUwLoIA7ZmiG85FsVE=,61yGoULbqsDJVuRIdfNlGhwO/WA=
-13,12,QVwxr0wBmJUwLoIA7ZmiG85FsVE=,l6HI6hlNZqngL+1uCHXh0rj6P+s=
-13,9,HW/c969efP1T1oGuiGrgI4rJvEo=,+5qJ1nPRCkk+11KXZh+/7O7kFsY=
-12,11,QVwxr0wBmJUwLoIA7ZmiG85FsVE=,PHO4mfTZP9xAtzSbzdBL3J755DY=
-12,10,iwyCRrJf3WzT52Qzr1KPOdwc5UM=,PHO4mfTZP9xAtzSbzdBL3J755DY=
-12,9,iwyCRrJf3WzT52Qzr1KPOdwc5UM=,X/yNy5ZgA6N5aa3kd691nI5em1w=
-8,12,NXl7uweH5bh0KO/yk3xI7IvvVXo=,JNTW8+ZzYFi0gGP7nVIlU2UF8GY=
-10,12,NXl7uweH5bh0KO/yk3xI7IvvVXo=,wNPFm9fNSP9AZfwPEXai7US6Fns=
-9,12,NXl7uweH5bh0KO/yk3xI7IvvVXo=,wNPFm9fNSP9AZfwPEXai7US6Fns=
-11,11,NXl7uweH5bh0KO/yk3xI7IvvVXo=,PHO4mfTZP9xAtzSbzdBL3J755DY=
-11,12,NXl7uweH5bh0KO/yk3xI7IvvVXo=,61yGoULbqsDJVuRIdfNlGhwO/WA=
-8,10,NXl7uweH5bh0KO/yk3xI7IvvVXo=,UFEPSX7qpcCCOzvJ+XL+zOjYDn4=
-11,9,iwyCRrJf3WzT52Qzr1KPOdwc5UM=,X/yNy5ZgA6N5aa3kd691nI5em1w=
-8,11,NXl7uweH5bh0KO/yk3xI7IvvVXo=,UFEPSX7qpcCCOzvJ+XL+zOjYDn4=
-11,10,iwyCRrJf3WzT52Qzr1KPOdwc5UM=,PHO4mfTZP9xAtzSbzdBL3J755DY=
-10,10,iwyCRrJf3WzT52Qzr1KPOdwc5UM=,/lh9eC2n6pECyQ/wDAVO7eK8LoM=
-10,11,NXl7uweH5bh0KO/yk3xI7IvvVXo=,/lh9eC2n6pECyQ/wDAVO7eK8LoM=
-8,9,NXl7uweH5bh0KO/yk3xI7IvvVXo=,TwCHU3giHu3dJDmQWL/7TSoQV+s=
-9,10,NXl7uweH5bh0KO/yk3xI7IvvVXo=,/lh9eC2n6pECyQ/wDAVO7eK8LoM=
-9,11,NXl7uweH5bh0KO/yk3xI7IvvVXo=,/lh9eC2n6pECyQ/wDAVO7eK8LoM=
-10,9,iwyCRrJf3WzT52Qzr1KPOdwc5UM=,X7jdijmfqIFhHIpalRBJQc9Cayc=
-9,9,NXl7uweH5bh0KO/yk3xI7IvvVXo=,X7jdijmfqIFhHIpalRBJQc9Cayc=
-8,8,NXl7uweH5bh0KO/yk3xI7IvvVXo=,TwCHU3giHu3dJDmQWL/7TSoQV+s=
-10,8,iwyCRrJf3WzT52Qzr1KPOdwc5UM=,X7jdijmfqIFhHIpalRBJQc9Cayc=
-11,8,iwyCRrJf3WzT52Qzr1KPOdwc5UM=,X/yNy5ZgA6N5aa3kd691nI5em1w=
-10,7,Zj2l6kR7dPZuvJtHxee2mr5d0NY=,SoawmNQLWiYdUuQpmqwhdpczJn8=
-9,8,NXl7uweH5bh0KO/yk3xI7IvvVXo=,X7jdijmfqIFhHIpalRBJQc9Cayc=
-9,7,Zj2l6kR7dPZuvJtHxee2mr5d0NY=,SoawmNQLWiYdUuQpmqwhdpczJn8=
-11,7,3Z6mMxDCY5JzC6BgDRNmrW2BPPc=,XHUym3PJWfU3cAUPCfllhnEVV8U=
-8,7,Zj2l6kR7dPZuvJtHxee2mr5d0NY=,lEjndJB36g+UFfrP5sLILcrqZsE=
-8,6,yqcxr78ji+Cb5nERCr71/PrQpsg=,lEjndJB36g+UFfrP5sLILcrqZsE=
-9,6,yqcxr78ji+Cb5nERCr71/PrQpsg=,SoawmNQLWiYdUuQpmqwhdpczJn8=
-10,5,D2N5MEhHd/imxrB8/5q10hBrz00=,lEne5HU1TQa/JvAkCo78IjNdAgc=
-9,5,D2N5MEhHd/imxrB8/5q10hBrz00=,lEne5HU1TQa/JvAkCo78IjNdAgc=
-11,6,3Z6mMxDCY5JzC6BgDRNmrW2BPPc=,XHUym3PJWfU3cAUPCfllhnEVV8U=
-11,5,yqcxr78ji+Cb5nERCr71/PrQpsg=,V+crBa45wJ/kbS+T2Y0XU9JuIlc=
-8,5,D2N5MEhHd/imxrB8/5q10hBrz00=,Xrb5dasxGnkUc5kFGylysC4Z+cc=
-10,6,yqcxr78ji+Cb5nERCr71/PrQpsg=,SoawmNQLWiYdUuQpmqwhdpczJn8=
-10,4,D2N5MEhHd/imxrB8/5q10hBrz00=,lEne5HU1TQa/JvAkCo78IjNdAgc=
-11,4,yqcxr78ji+Cb5nERCr71/PrQpsg=,V+crBa45wJ/kbS+T2Y0XU9JuIlc=
-8,4,D2N5MEhHd/imxrB8/5q10hBrz00=,Xrb5dasxGnkUc5kFGylysC4Z+cc=
-9,4,D2N5MEhHd/imxrB8/5q10hBrz00=,lEne5HU1TQa/JvAkCo78IjNdAgc=
-8,3,D2N5MEhHd/imxrB8/5q10hBrz00=,mfM1XpIlm0VL6KzdGMqLQyM9gBM=
-10,3,D2N5MEhHd/imxrB8/5q10hBrz00=,Y+jwRciWXJRYmJVg35HTBaisf4k=
-9,3,D2N5MEhHd/imxrB8/5q10hBrz00=,Y+jwRciWXJRYmJVg35HTBaisf4k=
-11,3,meQNeZ39BL7ouAqJ0fb4IjV8FEE=,VxOkLyeBD41HY9bjkxSsmA5XxYw=
-12,4,Zj2l6kR7dPZuvJtHxee2mr5d0NY=,V+crBa45wJ/kbS+T2Y0XU9JuIlc=
-13,4,SKraFRjziS2py7sUT/vq5z5q7us=,hTeyw+76VVqBtDKjp/85ytVTcYU=
-13,3,Zj2l6kR7dPZuvJtHxee2mr5d0NY=,o871/zt66OtHgT4NDtRRvd1Ifa4=
-12,3,meQNeZ39BL7ouAqJ0fb4IjV8FEE=,VxOkLyeBD41HY9bjkxSsmA5XxYw=
-13,5,SKraFRjziS2py7sUT/vq5z5q7us=,hTeyw+76VVqBtDKjp/85ytVTcYU=
-13,7,3Z6mMxDCY5JzC6BgDRNmrW2BPPc=,g0OzrdWiXflTnMAAE64goZuiAYA=
-13,8,3Z6mMxDCY5JzC6BgDRNmrW2BPPc=,+5qJ1nPRCkk+11KXZh+/7O7kFsY=
-12,5,yqcxr78ji+Cb5nERCr71/PrQpsg=,V+crBa45wJ/kbS+T2Y0XU9JuIlc=
-12,6,OEw9OlP06+YlD1rW0gtXWz02NFQ=,XHUym3PJWfU3cAUPCfllhnEVV8U=
-12,7,3Z6mMxDCY5JzC6BgDRNmrW2BPPc=,XHUym3PJWfU3cAUPCfllhnEVV8U=
-12,8,iwyCRrJf3WzT52Qzr1KPOdwc5UM=,X/yNy5ZgA6N5aa3kd691nI5em1w=
-13,6,OEw9OlP06+YlD1rW0gtXWz02NFQ=,g0OzrdWiXflTnMAAE64goZuiAYA=
-10,2,D2N5MEhHd/imxrB8/5q10hBrz00=,Y+jwRciWXJRYmJVg35HTBaisf4k=
-10,1,meQNeZ39BL7ouAqJ0fb4IjV8FEE=,KXLoOn2t/trkjalqF02ct4PFRvE=
-11,1,meQNeZ39BL7ouAqJ0fb4IjV8FEE=,08+oIlEDyiIKPvH4PtEvpf+Vnlo=
-11,2,meQNeZ39BL7ouAqJ0fb4IjV8FEE=,VxOkLyeBD41HY9bjkxSsmA5XxYw=
-9,2,D2N5MEhHd/imxrB8/5q10hBrz00=,Y+jwRciWXJRYmJVg35HTBaisf4k=
-8,2,D2N5MEhHd/imxrB8/5q10hBrz00=,mfM1XpIlm0VL6KzdGMqLQyM9gBM=
-8,1,yqcxr78ji+Cb5nERCr71/PrQpsg=,Gucm/z7OyaVqu5n+met0VqqIxNw=
-9,1,meQNeZ39BL7ouAqJ0fb4IjV8FEE=,KXLoOn2t/trkjalqF02ct4PFRvE=
-15,6,hSRQjq4aUWuW2fqGzYyK54MpJm4=,JYz1CRCk3um81seJ6PQ4YtJoQAo=
-15,5,hSRQjq4aUWuW2fqGzYyK54MpJm4=,qC72jI8gmH4Uzb7qTeh7smje+5c=
-14,5,SKraFRjziS2py7sUT/vq5z5q7us=,hTeyw+76VVqBtDKjp/85ytVTcYU=
-14,6,OEw9OlP06+YlD1rW0gtXWz02NFQ=,g0OzrdWiXflTnMAAE64goZuiAYA=
-10,0,meQNeZ39BL7ouAqJ0fb4IjV8FEE=,KXLoOn2t/trkjalqF02ct4PFRvE=
-11,0,meQNeZ39BL7ouAqJ0fb4IjV8FEE=,08+oIlEDyiIKPvH4PtEvpf+Vnlo=
-8,0,yqcxr78ji+Cb5nERCr71/PrQpsg=,Gucm/z7OyaVqu5n+met0VqqIxNw=
-9,0,meQNeZ39BL7ouAqJ0fb4IjV8FEE=,KXLoOn2t/trkjalqF02ct4PFRvE=
-13,0,r/vJ6lrlMiTbUB4OjHouE1JdqNI=,r9LjnfDLMWkoe/d8MhgzyEWSOBk=
-13,2,Zj2l6kR7dPZuvJtHxee2mr5d0NY=,o871/zt66OtHgT4NDtRRvd1Ifa4=
-13,1,r/vJ6lrlMiTbUB4OjHouE1JdqNI=,r9LjnfDLMWkoe/d8MhgzyEWSOBk=
-12,0,meQNeZ39BL7ouAqJ0fb4IjV8FEE=,08+oIlEDyiIKPvH4PtEvpf+Vnlo=
-12,1,meQNeZ39BL7ouAqJ0fb4IjV8FEE=,08+oIlEDyiIKPvH4PtEvpf+Vnlo=
-12,2,meQNeZ39BL7ouAqJ0fb4IjV8FEE=,VxOkLyeBD41HY9bjkxSsmA5XxYw=
-2,0,0jPoY2/I0myUmVDIochmTB3RqG8=,59zMgQIAKQm3TsRx/WdxYBrZ6sw=
-3,0,0jPoY2/I0myUmVDIochmTB3RqG8=,D1dFzrd9iOgPCKav/FbFZqoyAI8=
-16,5,hSRQjq4aUWuW2fqGzYyK54MpJm4=,qC72jI8gmH4Uzb7qTeh7smje+5c=
-16,6,hSRQjq4aUWuW2fqGzYyK54MpJm4=,JYz1CRCk3um81seJ6PQ4YtJoQAo=
-15,4,hSRQjq4aUWuW2fqGzYyK54MpJm4=,qC72jI8gmH4Uzb7qTeh7smje+5c=
-15,3,hSRQjq4aUWuW2fqGzYyK54MpJm4=,JN7sG+d9uB4KSO39M/a6t0RCcuo=
-16,3,hSRQjq4aUWuW2fqGzYyK54MpJm4=,JN7sG+d9uB4KSO39M/a6t0RCcuo=
-16,4,hSRQjq4aUWuW2fqGzYyK54MpJm4=,qC72jI8gmH4Uzb7qTeh7smje+5c=
-14,3,Zj2l6kR7dPZuvJtHxee2mr5d0NY=,o871/zt66OtHgT4NDtRRvd1Ifa4=
-14,4,SKraFRjziS2py7sUT/vq5z5q7us=,hTeyw+76VVqBtDKjp/85ytVTcYU=
-16,1,hSRQjq4aUWuW2fqGzYyK54MpJm4=,NiqLa7vfgnz42qyMOYuXB0Eg34w=
-15,1,d2ISCrbP3LxrLCsdRvlwrOo9sVc=,NiqLa7vfgnz42qyMOYuXB0Eg34w=
-15,0,d2ISCrbP3LxrLCsdRvlwrOo9sVc=,NiqLa7vfgnz42qyMOYuXB0Eg34w=
-16,2,hSRQjq4aUWuW2fqGzYyK54MpJm4=,JN7sG+d9uB4KSO39M/a6t0RCcuo=
-15,2,d2ISCrbP3LxrLCsdRvlwrOo9sVc=,JN7sG+d9uB4KSO39M/a6t0RCcuo=
-14,1,r/vJ6lrlMiTbUB4OjHouE1JdqNI=,r9LjnfDLMWkoe/d8MhgzyEWSOBk=
-14,2,Zj2l6kR7dPZuvJtHxee2mr5d0NY=,o871/zt66OtHgT4NDtRRvd1Ifa4=
-14,0,r/vJ6lrlMiTbUB4OjHouE1JdqNI=,r9LjnfDLMWkoe/d8MhgzyEWSOBk=
-4,2,nikHImWQkpd6xTQSYgJJnHBbMrc=,2VCcgXRiKOjdacHj4DlpPGMoC2w=
-4,0,0jPoY2/I0myUmVDIochmTB3RqG8=,D1dFzrd9iOgPCKav/FbFZqoyAI8=
-6,0,UyIa/Vb77FCoWy6ZR7pEAQBLZ9g=,8cfin9WikCmuqFywE5sSzDilINQ=
-5,0,0jPoY2/I0myUmVDIochmTB3RqG8=,8cfin9WikCmuqFywE5sSzDilINQ=
-7,2,D2N5MEhHd/imxrB8/5q10hBrz00=,mfM1XpIlm0VL6KzdGMqLQyM9gBM=
-6,1,UyIa/Vb77FCoWy6ZR7pEAQBLZ9g=,8cfin9WikCmuqFywE5sSzDilINQ=
-7,0,Zj2l6kR7dPZuvJtHxee2mr5d0NY=,Gucm/z7OyaVqu5n+met0VqqIxNw=
-5,1,0jPoY2/I0myUmVDIochmTB3RqG8=,8cfin9WikCmuqFywE5sSzDilINQ=
-6,2,D2N5MEhHd/imxrB8/5q10hBrz00=,GAPbGVhrczwro15IIgw3mtYMGTM=
-5,2,D2N5MEhHd/imxrB8/5q10hBrz00=,GAPbGVhrczwro15IIgw3mtYMGTM=
-7,1,Zj2l6kR7dPZuvJtHxee2mr5d0NY=,Gucm/z7OyaVqu5n+met0VqqIxNw=
-4,1,0jPoY2/I0myUmVDIochmTB3RqG8=,D1dFzrd9iOgPCKav/FbFZqoyAI8=
-14,7,OEw9OlP06+YlD1rW0gtXWz02NFQ=,g0OzrdWiXflTnMAAE64goZuiAYA=
-15,8,qXOnVwmu6W37x8NDUkpp+nz85yo=,8hmcx1uYpPic5nXSW63pQvs6PdI=
-15,9,qXOnVwmu6W37x8NDUkpp+nz85yo=,8hmcx1uYpPic5nXSW63pQvs6PdI=
-14,10,iwyCRrJf3WzT52Qzr1KPOdwc5UM=,yZvxuQ12hD2WfKlDbjZDnb6jmCo=
-14,9,OEw9OlP06+YlD1rW0gtXWz02NFQ=,+5qJ1nPRCkk+11KXZh+/7O7kFsY=
-14,8,OEw9OlP06+YlD1rW0gtXWz02NFQ=,+5qJ1nPRCkk+11KXZh+/7O7kFsY=
-15,10,OEw9OlP06+YlD1rW0gtXWz02NFQ=,GJip/unPmvFewrjgoV9GLBlvaBo=
-15,7,hSRQjq4aUWuW2fqGzYyK54MpJm4=,JYz1CRCk3um81seJ6PQ4YtJoQAo=
-13,15,iwyCRrJf3WzT52Qzr1KPOdwc5UM=,PFjDg1Y5yLNQ3N788Dh1fkjM+wY=
-12,15,iwyCRrJf3WzT52Qzr1KPOdwc5UM=,YWrH/FfsWLU+WeXvuaTELBywRz8=
-10,15,iwyCRrJf3WzT52Qzr1KPOdwc5UM=,4W/EI35AFG0TjGaYAZyK/EtIEvA=
-11,15,iwyCRrJf3WzT52Qzr1KPOdwc5UM=,YWrH/FfsWLU+WeXvuaTELBywRz8=
-9,15,iwyCRrJf3WzT52Qzr1KPOdwc5UM=,4W/EI35AFG0TjGaYAZyK/EtIEvA=
-8,15,iwyCRrJf3WzT52Qzr1KPOdwc5UM=,usO65rXuZVCF6SSHw2+1X0rzy3E=
-6,15,iwyCRrJf3WzT52Qzr1KPOdwc5UM=,3CDnz+blFeI538S2d6t3Rgu9n64=
-7,15,iwyCRrJf3WzT52Qzr1KPOdwc5UM=,usO65rXuZVCF6SSHw2+1X0rzy3E=
-4,15,iwyCRrJf3WzT52Qzr1KPOdwc5UM=,wdyO6IchNxtaUWWwpFJYK/uhpkw=
-5,15,iwyCRrJf3WzT52Qzr1KPOdwc5UM=,3CDnz+blFeI538S2d6t3Rgu9n64=
-2,15,iwyCRrJf3WzT52Qzr1KPOdwc5UM=,pLa/GGpWEUPglrbhVIp6fhhqpgs=
-3,15,iwyCRrJf3WzT52Qzr1KPOdwc5UM=,wdyO6IchNxtaUWWwpFJYK/uhpkw=
-16,8,qXOnVwmu6W37x8NDUkpp+nz85yo=,8hmcx1uYpPic5nXSW63pQvs6PdI=
-16,7,hSRQjq4aUWuW2fqGzYyK54MpJm4=,JYz1CRCk3um81seJ6PQ4YtJoQAo=
-16,9,qXOnVwmu6W37x8NDUkpp+nz85yo=,8hmcx1uYpPic5nXSW63pQvs6PdI=
-16,10,HW/c969efP1T1oGuiGrgI4rJvEo=,GJip/unPmvFewrjgoV9GLBlvaBo=
-1,2,nikHImWQkpd6xTQSYgJJnHBbMrc=,2AFP03gT9B8a9GOECNhKw+yZgGs=
-1,1,0jPoY2/I0myUmVDIochmTB3RqG8=,59zMgQIAKQm3TsRx/WdxYBrZ6sw=
-1,4,nikHImWQkpd6xTQSYgJJnHBbMrc=,ljQbG4ZTk7+5F9ZelYigdVTDsFs=
-1,3,nikHImWQkpd6xTQSYgJJnHBbMrc=,2AFP03gT9B8a9GOECNhKw+yZgGs=
-1,6,iwyCRrJf3WzT52Qzr1KPOdwc5UM=,NhNBcc/yD2fvK+8e1V00mfZvIvI=
-1,8,iwyCRrJf3WzT52Qzr1KPOdwc5UM=,GuV43dPID+7/eu2f+9AnMdQey/o=
-1,7,iwyCRrJf3WzT52Qzr1KPOdwc5UM=,NhNBcc/yD2fvK+8e1V00mfZvIvI=
-1,5,nikHImWQkpd6xTQSYgJJnHBbMrc=,ljQbG4ZTk7+5F9ZelYigdVTDsFs=
-1,10,iwyCRrJf3WzT52Qzr1KPOdwc5UM=,RzeBgxFcQXhSogZct8Qn6u2jfu8=
-1,9,iwyCRrJf3WzT52Qzr1KPOdwc5UM=,GuV43dPID+7/eu2f+9AnMdQey/o=
-1,12,iwyCRrJf3WzT52Qzr1KPOdwc5UM=,uJfg/7DWuvJXxc+AdS7k/wAqRrY=
-1,11,iwyCRrJf3WzT52Qzr1KPOdwc5UM=,RzeBgxFcQXhSogZct8Qn6u2jfu8=
-1,0,0jPoY2/I0myUmVDIochmTB3RqG8=,59zMgQIAKQm3TsRx/WdxYBrZ6sw=
-16,0,hSRQjq4aUWuW2fqGzYyK54MpJm4=,NiqLa7vfgnz42qyMOYuXB0Eg34w=
-1,14,iwyCRrJf3WzT52Qzr1KPOdwc5UM=,pLa/GGpWEUPglrbhVIp6fhhqpgs=
-1,15,iwyCRrJf3WzT52Qzr1KPOdwc5UM=,pLa/GGpWEUPglrbhVIp6fhhqpgs=
-1,13,iwyCRrJf3WzT52Qzr1KPOdwc5UM=,uJfg/7DWuvJXxc+AdS7k/wAqRrY=
-14,12,iwyCRrJf3WzT52Qzr1KPOdwc5UM=,l6HI6hlNZqngL+1uCHXh0rj6P+s=
-15,12,iwyCRrJf3WzT52Qzr1KPOdwc5UM=,HZSz6SccuWk0JPOFmKK+/gUtt+s=
-14,11,iwyCRrJf3WzT52Qzr1KPOdwc5UM=,yZvxuQ12hD2WfKlDbjZDnb6jmCo=
-16,11,HW/c969efP1T1oGuiGrgI4rJvEo=,GJip/unPmvFewrjgoV9GLBlvaBo=
-15,11,OEw9OlP06+YlD1rW0gtXWz02NFQ=,GJip/unPmvFewrjgoV9GLBlvaBo=
-16,12,iwyCRrJf3WzT52Qzr1KPOdwc5UM=,HZSz6SccuWk0JPOFmKK+/gUtt+s=
-15,13,VnSI0RWS06XEelac6tSbrJBYd74=,HZSz6SccuWk0JPOFmKK+/gUtt+s=
-14,15,iwyCRrJf3WzT52Qzr1KPOdwc5UM=,PFjDg1Y5yLNQ3N788Dh1fkjM+wY=
-14,13,VnSI0RWS06XEelac6tSbrJBYd74=,l6HI6hlNZqngL+1uCHXh0rj6P+s=
-15,14,VnSI0RWS06XEelac6tSbrJBYd74=,51HjH5KY7fgIh886MXe4JKM1tv4=
-16,15,iwyCRrJf3WzT52Qzr1KPOdwc5UM=,51HjH5KY7fgIh886MXe4JKM1tv4=
-16,14,iwyCRrJf3WzT52Qzr1KPOdwc5UM=,51HjH5KY7fgIh886MXe4JKM1tv4=
-15,15,iwyCRrJf3WzT52Qzr1KPOdwc5UM=,51HjH5KY7fgIh886MXe4JKM1tv4=
-16,13,iwyCRrJf3WzT52Qzr1KPOdwc5UM=,HZSz6SccuWk0JPOFmKK+/gUtt+s=
-14,14,VnSI0RWS06XEelac6tSbrJBYd74=,PFjDg1Y5yLNQ3N788Dh1fkjM+wY=
-27,8,Of1O+WPqk661OnwjUcZcu5g6fq4=,M2AXJcNU8hrYcAsqRK07wmKppEQ=
-32,8,uORqlb782AVA3xav0nSOJQOjBeM=,EmeGMTJfy14Dg3MjpelKsRMksa4=
-29,8,pfXVXviCbPnpFKRR9DLVfBfnMXQ=,aHzAt93KTXHimyzeWaGpT/gB0XQ=
-27,9,Of1O+WPqk661OnwjUcZcu5g6fq4=,M2AXJcNU8hrYcAsqRK07wmKppEQ=
-30,9,pfXVXviCbPnpFKRR9DLVfBfnMXQ=,aHzAt93KTXHimyzeWaGpT/gB0XQ=
-31,9,uORqlb782AVA3xav0nSOJQOjBeM=,EmeGMTJfy14Dg3MjpelKsRMksa4=
-28,8,O/KaxX7jT4MMfMpuFWO3ElZGVes=,M2AXJcNU8hrYcAsqRK07wmKppEQ=
-32,9,uORqlb782AVA3xav0nSOJQOjBeM=,EmeGMTJfy14Dg3MjpelKsRMksa4=
-31,8,uORqlb782AVA3xav0nSOJQOjBeM=,EmeGMTJfy14Dg3MjpelKsRMksa4=
-30,8,pfXVXviCbPnpFKRR9DLVfBfnMXQ=,aHzAt93KTXHimyzeWaGpT/gB0XQ=
-29,9,pfXVXviCbPnpFKRR9DLVfBfnMXQ=,aHzAt93KTXHimyzeWaGpT/gB0XQ=
-28,9,Of1O+WPqk661OnwjUcZcu5g6fq4=,M2AXJcNU8hrYcAsqRK07wmKppEQ=
-30,29,ySb74B2AThsJW9RYgW6qTquqWmc=,KMvjSF2RAe6DkWCOEeEtIMpKgH8=
-27,26,c0yydIwvNVE4sZeazZtt8l6Gu6w=,7wA3HAjzGDK8TDu4K4bZ4W/SMOs=
-27,25,1L8G73DVoR3hBdDNDUyzyMIHRuE=,UAuVa67iqI7v8DQjwyzA7yhnhsc=
-27,24,1L8G73DVoR3hBdDNDUyzyMIHRuE=,UAuVa67iqI7v8DQjwyzA7yhnhsc=
-31,29,ySb74B2AThsJW9RYgW6qTquqWmc=,OOcFqSD96QwZuGoMEoN0bxm8Qgc=
-27,27,c0yydIwvNVE4sZeazZtt8l6Gu6w=,7wA3HAjzGDK8TDu4K4bZ4W/SMOs=
-27,28,c0yydIwvNVE4sZeazZtt8l6Gu6w=,P9UdMA9iXcZYLMI4Vkacfj+hpJk=
-32,25,c0yydIwvNVE4sZeazZtt8l6Gu6w=,QzIQltHOq5iTKyAS6CaNBFAfMp0=
-32,26,c0yydIwvNVE4sZeazZtt8l6Gu6w=,MzpFWVT/E0mH/4m8x/hxzRIvTHs=
-32,27,c0yydIwvNVE4sZeazZtt8l6Gu6w=,MzpFWVT/E0mH/4m8x/hxzRIvTHs=
-32,28,c0yydIwvNVE4sZeazZtt8l6Gu6w=,OOcFqSD96QwZuGoMEoN0bxm8Qgc=
-32,29,c0yydIwvNVE4sZeazZtt8l6Gu6w=,OOcFqSD96QwZuGoMEoN0bxm8Qgc=
-32,24,c0yydIwvNVE4sZeazZtt8l6Gu6w=,QzIQltHOq5iTKyAS6CaNBFAfMp0=
-28,24,vFQhYGA9+onK14TkxaGZOBxCHHE=,UAuVa67iqI7v8DQjwyzA7yhnhsc=
-29,24,c0yydIwvNVE4sZeazZtt8l6Gu6w=,MRXWRmqZcHFd8YXFToWxULqAmh4=
-31,24,ySb74B2AThsJW9RYgW6qTquqWmc=,QzIQltHOq5iTKyAS6CaNBFAfMp0=
-30,24,ySb74B2AThsJW9RYgW6qTquqWmc=,MRXWRmqZcHFd8YXFToWxULqAmh4=
-29,29,c0yydIwvNVE4sZeazZtt8l6Gu6w=,KMvjSF2RAe6DkWCOEeEtIMpKgH8=
-27,29,c0yydIwvNVE4sZeazZtt8l6Gu6w=,P9UdMA9iXcZYLMI4Vkacfj+hpJk=
-28,29,c0yydIwvNVE4sZeazZtt8l6Gu6w=,P9UdMA9iXcZYLMI4Vkacfj+hpJk=
-28,27,Zlstq1wauiPUxzTVHc7QuApeJKM=,7wA3HAjzGDK8TDu4K4bZ4W/SMOs=
-28,26,c0yydIwvNVE4sZeazZtt8l6Gu6w=,7wA3HAjzGDK8TDu4K4bZ4W/SMOs=
-28,25,vFQhYGA9+onK14TkxaGZOBxCHHE=,UAuVa67iqI7v8DQjwyzA7yhnhsc=
-31,26,ySb74B2AThsJW9RYgW6qTquqWmc=,MzpFWVT/E0mH/4m8x/hxzRIvTHs=
-31,27,ySb74B2AThsJW9RYgW6qTquqWmc=,MzpFWVT/E0mH/4m8x/hxzRIvTHs=
-29,28,Zlstq1wauiPUxzTVHc7QuApeJKM=,KMvjSF2RAe6DkWCOEeEtIMpKgH8=
-31,25,ySb74B2AThsJW9RYgW6qTquqWmc=,QzIQltHOq5iTKyAS6CaNBFAfMp0=
-31,28,ySb74B2AThsJW9RYgW6qTquqWmc=,OOcFqSD96QwZuGoMEoN0bxm8Qgc=
-30,28,ySb74B2AThsJW9RYgW6qTquqWmc=,KMvjSF2RAe6DkWCOEeEtIMpKgH8=
-29,25,c0yydIwvNVE4sZeazZtt8l6Gu6w=,MRXWRmqZcHFd8YXFToWxULqAmh4=
-28,28,Zlstq1wauiPUxzTVHc7QuApeJKM=,P9UdMA9iXcZYLMI4Vkacfj+hpJk=
-30,25,ySb74B2AThsJW9RYgW6qTquqWmc=,MRXWRmqZcHFd8YXFToWxULqAmh4=
-30,23,ySb74B2AThsJW9RYgW6qTquqWmc=,r98//ZhsJuX5o9NJ2eovKEgOGeQ=
-31,23,ySb74B2AThsJW9RYgW6qTquqWmc=,PE74W7mRUicrRHVFF7NaD9eNTbM=
-28,22,vFQhYGA9+onK14TkxaGZOBxCHHE=,QjJ74/XA6zGHaEcKaELmTYYnlks=
-29,22,c0yydIwvNVE4sZeazZtt8l6Gu6w=,r98//ZhsJuX5o9NJ2eovKEgOGeQ=
-30,22,nDMhPJVT9R9hVRaXRlluqJdWP9M=,r98//ZhsJuX5o9NJ2eovKEgOGeQ=
-31,22,nDMhPJVT9R9hVRaXRlluqJdWP9M=,PE74W7mRUicrRHVFF7NaD9eNTbM=
-32,22,c0yydIwvNVE4sZeazZtt8l6Gu6w=,PE74W7mRUicrRHVFF7NaD9eNTbM=
-32,23,c0yydIwvNVE4sZeazZtt8l6Gu6w=,PE74W7mRUicrRHVFF7NaD9eNTbM=
-27,22,1L8G73DVoR3hBdDNDUyzyMIHRuE=,QjJ74/XA6zGHaEcKaELmTYYnlks=
-29,23,c0yydIwvNVE4sZeazZtt8l6Gu6w=,r98//ZhsJuX5o9NJ2eovKEgOGeQ=
-28,23,vFQhYGA9+onK14TkxaGZOBxCHHE=,QjJ74/XA6zGHaEcKaELmTYYnlks=
-27,23,1L8G73DVoR3hBdDNDUyzyMIHRuE=,QjJ74/XA6zGHaEcKaELmTYYnlks=
-26,27,GfgUQOlNZ0Fl9sYmtQUOEkRkd8I=,QNsB/MKxEfGt42Ikngx7zWcYmks=
-26,28,GfgUQOlNZ0Fl9sYmtQUOEkRkd8I=,Szgxa/4UCfNA9yM7bq5FtdmmA9Y=
-25,27,GfgUQOlNZ0Fl9sYmtQUOEkRkd8I=,QNsB/MKxEfGt42Ikngx7zWcYmks=
-25,28,GfgUQOlNZ0Fl9sYmtQUOEkRkd8I=,Szgxa/4UCfNA9yM7bq5FtdmmA9Y=
-25,25,QHhk3d0FaFlgdn1cCCbNwOp8Ojg=,YEY9Kt6dukoqld1JNTzYMnDAms4=
-26,25,QHhk3d0FaFlgdn1cCCbNwOp8Ojg=,YEY9Kt6dukoqld1JNTzYMnDAms4=
-25,24,3KpZKcaiPf3Wj6wNn5gHjOUirWM=,YEY9Kt6dukoqld1JNTzYMnDAms4=
-25,26,QHhk3d0FaFlgdn1cCCbNwOp8Ojg=,QNsB/MKxEfGt42Ikngx7zWcYmks=
-25,23,W3U1n6z+hxn7k3zYzWbVpYFC1IM=,IlYOlvsFhMk8YJ3V18M40cepta4=
-26,23,LCwxTZ8m9qmOq3P0mj1KYW4JUsA=,IlYOlvsFhMk8YJ3V18M40cepta4=
-26,24,QHhk3d0FaFlgdn1cCCbNwOp8Ojg=,YEY9Kt6dukoqld1JNTzYMnDAms4=
-26,26,QHhk3d0FaFlgdn1cCCbNwOp8Ojg=,QNsB/MKxEfGt42Ikngx7zWcYmks=
-26,22,LCwxTZ8m9qmOq3P0mj1KYW4JUsA=,IlYOlvsFhMk8YJ3V18M40cepta4=
-26,29,GfgUQOlNZ0Fl9sYmtQUOEkRkd8I=,Szgxa/4UCfNA9yM7bq5FtdmmA9Y=
-25,29,3KpZKcaiPf3Wj6wNn5gHjOUirWM=,Szgxa/4UCfNA9yM7bq5FtdmmA9Y=
-25,22,uGOmZizJ8A4Gxb7yMaOKJ3OuGqU=,IlYOlvsFhMk8YJ3V18M40cepta4=
-28,10,Of1O+WPqk661OnwjUcZcu5g6fq4=,2AiFGDhgi+Be/LpcOrEXLV2Mc0Y=
-29,10,pfXVXviCbPnpFKRR9DLVfBfnMXQ=,mCyzv2LKDTMBktwaAujziKbeV2c=
-28,11,Of1O+WPqk661OnwjUcZcu5g6fq4=,2AiFGDhgi+Be/LpcOrEXLV2Mc0Y=
-29,12,dojMPT7OrZIEHJS/BdzlA6drKBY=,BudXhCCU6cHywGfqy+fBngK9ccc=
-29,11,pfXVXviCbPnpFKRR9DLVfBfnMXQ=,mCyzv2LKDTMBktwaAujziKbeV2c=
-31,10,AVKOPegiJPX0m/LGxWP7vik8WnQ=,cyhW6dOt0V+rCXWMoy/ioliCgow=
-30,10,pfXVXviCbPnpFKRR9DLVfBfnMXQ=,mCyzv2LKDTMBktwaAujziKbeV2c=
-30,12,dojMPT7OrZIEHJS/BdzlA6drKBY=,BudXhCCU6cHywGfqy+fBngK9ccc=
-31,12,XPzKQQkgnNBuWgacPvxBjc51uHY=,rbF6Wcv9C7FlVaM6zcZ/jAdld4A=
-31,11,XPzKQQkgnNBuWgacPvxBjc51uHY=,cyhW6dOt0V+rCXWMoy/ioliCgow=
-30,11,pfXVXviCbPnpFKRR9DLVfBfnMXQ=,mCyzv2LKDTMBktwaAujziKbeV2c=
-27,14,dojMPT7OrZIEHJS/BdzlA6drKBY=,40DkEnSeqWScDBb9E109H6fj68M=
-32,11,klrhjfaLlSAue8+LaNU0hHwp87Y=,cyhW6dOt0V+rCXWMoy/ioliCgow=
-32,12,klrhjfaLlSAue8+LaNU0hHwp87Y=,rbF6Wcv9C7FlVaM6zcZ/jAdld4A=
-32,10,AVKOPegiJPX0m/LGxWP7vik8WnQ=,cyhW6dOt0V+rCXWMoy/ioliCgow=
-27,10,Of1O+WPqk661OnwjUcZcu5g6fq4=,2AiFGDhgi+Be/LpcOrEXLV2Mc0Y=
-27,11,Of1O+WPqk661OnwjUcZcu5g6fq4=,2AiFGDhgi+Be/LpcOrEXLV2Mc0Y=
-28,15,dojMPT7OrZIEHJS/BdzlA6drKBY=,40DkEnSeqWScDBb9E109H6fj68M=
-29,15,dojMPT7OrZIEHJS/BdzlA6drKBY=,vOCarZ9Jmlh82a9drOi1C/Shgr8=
-29,13,OaucqNTvKHPfOc4rvXLHvMzcq4Q=,BudXhCCU6cHywGfqy+fBngK9ccc=
-29,14,OaucqNTvKHPfOc4rvXLHvMzcq4Q=,vOCarZ9Jmlh82a9drOi1C/Shgr8=
-28,14,OaucqNTvKHPfOc4rvXLHvMzcq4Q=,40DkEnSeqWScDBb9E109H6fj68M=
-32,15,Zlstq1wauiPUxzTVHc7QuApeJKM=,xKv3T5IupGALBf6jLH4x0jTa5Ag=
-32,13,klrhjfaLlSAue8+LaNU0hHwp87Y=,rbF6Wcv9C7FlVaM6zcZ/jAdld4A=
-30,15,dojMPT7OrZIEHJS/BdzlA6drKBY=,vOCarZ9Jmlh82a9drOi1C/Shgr8=
-31,15,dojMPT7OrZIEHJS/BdzlA6drKBY=,xKv3T5IupGALBf6jLH4x0jTa5Ag=
-30,13,dojMPT7OrZIEHJS/BdzlA6drKBY=,BudXhCCU6cHywGfqy+fBngK9ccc=
-31,13,FFwTLysmubg0qaiJdW2JPLWuXmo=,rbF6Wcv9C7FlVaM6zcZ/jAdld4A=
-30,14,dojMPT7OrZIEHJS/BdzlA6drKBY=,vOCarZ9Jmlh82a9drOi1C/Shgr8=
-32,14,dojMPT7OrZIEHJS/BdzlA6drKBY=,xKv3T5IupGALBf6jLH4x0jTa5Ag=
-31,14,dojMPT7OrZIEHJS/BdzlA6drKBY=,xKv3T5IupGALBf6jLH4x0jTa5Ag=
-27,15,dojMPT7OrZIEHJS/BdzlA6drKBY=,40DkEnSeqWScDBb9E109H6fj68M=
-22,22,bFzYUH7Bvd6PJIALJIVVH9wgOJ4=,kxpD1QbdxRrtvmzXL1zSMrqDdBM=
-23,22,uGOmZizJ8A4Gxb7yMaOKJ3OuGqU=,uXKccxA6lEzaTMcST9o1+zAlPoI=
-22,21,bFzYUH7Bvd6PJIALJIVVH9wgOJ4=,Bd+XdBu84I6pEjOP/nxiL1xq4mc=
-22,20,bFzYUH7Bvd6PJIALJIVVH9wgOJ4=,Bd+XdBu84I6pEjOP/nxiL1xq4mc=
-23,19,3KpZKcaiPf3Wj6wNn5gHjOUirWM=,aHm4ha+cOJ81XKUy4/il34h7xNM=
-22,19,kPorJ5sSIz8ep0SMh2d/p9B+F14=,VE42PYuWLdlcFTL+Q8bev46hhFQ=
-25,18,3KpZKcaiPf3Wj6wNn5gHjOUirWM=,J97Nr9uB4/OZ/d4xvqNvEQ0fwGg=
-22,18,W3U1n6z+hxn7k3zYzWbVpYFC1IM=,VE42PYuWLdlcFTL+Q8bev46hhFQ=
-24,18,3KpZKcaiPf3Wj6wNn5gHjOUirWM=,aHm4ha+cOJ81XKUy4/il34h7xNM=
-23,18,3KpZKcaiPf3Wj6wNn5gHjOUirWM=,aHm4ha+cOJ81XKUy4/il34h7xNM=
-25,20,LCwxTZ8m9qmOq3P0mj1KYW4JUsA=,8TwIbLxT9oqXLWLH3uoOTDg6qP4=
-25,19,3KpZKcaiPf3Wj6wNn5gHjOUirWM=,J97Nr9uB4/OZ/d4xvqNvEQ0fwGg=
-24,19,3KpZKcaiPf3Wj6wNn5gHjOUirWM=,aHm4ha+cOJ81XKUy4/il34h7xNM=
-26,19,3KpZKcaiPf3Wj6wNn5gHjOUirWM=,J97Nr9uB4/OZ/d4xvqNvEQ0fwGg=
-27,20,1L8G73DVoR3hBdDNDUyzyMIHRuE=,72YebRzStct2nCJcl5vmMsNdSLY=
-27,19,c0yydIwvNVE4sZeazZtt8l6Gu6w=,o4JSf7njmeJvsGJoi+me8miBZSI=
-26,20,LCwxTZ8m9qmOq3P0mj1KYW4JUsA=,8TwIbLxT9oqXLWLH3uoOTDg6qP4=
-28,20,AmCFZ3+7LtQhPQ5h+w130nlLM9s=,72YebRzStct2nCJcl5vmMsNdSLY=
-29,19,c0yydIwvNVE4sZeazZtt8l6Gu6w=,RdJWRC+N3GdmiRum8MJZ/sO/RNc=
-28,19,c0yydIwvNVE4sZeazZtt8l6Gu6w=,o4JSf7njmeJvsGJoi+me8miBZSI=
-28,21,vFQhYGA9+onK14TkxaGZOBxCHHE=,72YebRzStct2nCJcl5vmMsNdSLY=
-27,21,1L8G73DVoR3hBdDNDUyzyMIHRuE=,72YebRzStct2nCJcl5vmMsNdSLY=
-24,22,uGOmZizJ8A4Gxb7yMaOKJ3OuGqU=,uXKccxA6lEzaTMcST9o1+zAlPoI=
-24,24,4L0nOJ1rmaksqQwtCr4RmYVUrQE=,vkmcUSbOmeieHqWhjSVA95qh5o0=
-26,21,LCwxTZ8m9qmOq3P0mj1KYW4JUsA=,8TwIbLxT9oqXLWLH3uoOTDg6qP4=
-24,23,W3U1n6z+hxn7k3zYzWbVpYFC1IM=,uXKccxA6lEzaTMcST9o1+zAlPoI=
-25,21,uGOmZizJ8A4Gxb7yMaOKJ3OuGqU=,8TwIbLxT9oqXLWLH3uoOTDg6qP4=
-24,25,4L0nOJ1rmaksqQwtCr4RmYVUrQE=,vkmcUSbOmeieHqWhjSVA95qh5o0=
-25,30,H67fAf56DpvOol+MjKpWEs8Cl18=,FFq9OaBIwyt3CZIeC930axNWD+k=
-24,28,H67fAf56DpvOol+MjKpWEs8Cl18=,gkqJOzZMp5eSw6gacr0LLENiXig=
-24,29,H67fAf56DpvOol+MjKpWEs8Cl18=,gkqJOzZMp5eSw6gacr0LLENiXig=
-30,30,ySb74B2AThsJW9RYgW6qTquqWmc=,Vrhh2JNeiiTCqYMuxpCfFMdQbWo=
-26,30,H67fAf56DpvOol+MjKpWEs8Cl18=,FFq9OaBIwyt3CZIeC930axNWD+k=
-29,30,c0yydIwvNVE4sZeazZtt8l6Gu6w=,Vrhh2JNeiiTCqYMuxpCfFMdQbWo=
-30,19,nDMhPJVT9R9hVRaXRlluqJdWP9M=,RdJWRC+N3GdmiRum8MJZ/sO/RNc=
-31,21,nDMhPJVT9R9hVRaXRlluqJdWP9M=,x2ZcmCpKOTrZ95XfCV3ALki8Oco=
-31,19,nDMhPJVT9R9hVRaXRlluqJdWP9M=,k4uAM1/l3CSXxmieBSuMIlgJqNw=
-31,20,nDMhPJVT9R9hVRaXRlluqJdWP9M=,x2ZcmCpKOTrZ95XfCV3ALki8Oco=
-32,19,c0yydIwvNVE4sZeazZtt8l6Gu6w=,k4uAM1/l3CSXxmieBSuMIlgJqNw=
-32,20,c0yydIwvNVE4sZeazZtt8l6Gu6w=,x2ZcmCpKOTrZ95XfCV3ALki8Oco=
-32,21,c0yydIwvNVE4sZeazZtt8l6Gu6w=,x2ZcmCpKOTrZ95XfCV3ALki8Oco=
-27,17,c0yydIwvNVE4sZeazZtt8l6Gu6w=,h9/fhp8sGMu16HaHyJ3TwbiCHrk=
-27,18,c0yydIwvNVE4sZeazZtt8l6Gu6w=,o4JSf7njmeJvsGJoi+me8miBZSI=
-26,18,Ia2WhTMqNFZuSvBkl7T5mA+9gSM=,J97Nr9uB4/OZ/d4xvqNvEQ0fwGg=
-27,16,nDMhPJVT9R9hVRaXRlluqJdWP9M=,h9/fhp8sGMu16HaHyJ3TwbiCHrk=
-32,18,c0yydIwvNVE4sZeazZtt8l6Gu6w=,k4uAM1/l3CSXxmieBSuMIlgJqNw=
-32,17,c0yydIwvNVE4sZeazZtt8l6Gu6w=,TvXQ8Vyanew/YGoGOzx2tBMVxuo=
-31,18,nDMhPJVT9R9hVRaXRlluqJdWP9M=,k4uAM1/l3CSXxmieBSuMIlgJqNw=
-31,16,c0yydIwvNVE4sZeazZtt8l6Gu6w=,TvXQ8Vyanew/YGoGOzx2tBMVxuo=
-28,17,nDMhPJVT9R9hVRaXRlluqJdWP9M=,h9/fhp8sGMu16HaHyJ3TwbiCHrk=
-30,18,nDMhPJVT9R9hVRaXRlluqJdWP9M=,RdJWRC+N3GdmiRum8MJZ/sO/RNc=
-22,23,bFzYUH7Bvd6PJIALJIVVH9wgOJ4=,kxpD1QbdxRrtvmzXL1zSMrqDdBM=
-23,24,+QZqRvZyd7O7pmGhEFu99sduRPw=,vkmcUSbOmeieHqWhjSVA95qh5o0=
-23,23,W3U1n6z+hxn7k3zYzWbVpYFC1IM=,uXKccxA6lEzaTMcST9o1+zAlPoI=
-22,28,H67fAf56DpvOol+MjKpWEs8Cl18=,p18/u5U/Ci4jn3rZxK7IBTaSH4g=
-22,26,qddrCGtzkpW6R+i70bMEEERuixs=,CfZgqInbOohbzFXajQNOCCNbgeM=
-28,18,nDMhPJVT9R9hVRaXRlluqJdWP9M=,o4JSf7njmeJvsGJoi+me8miBZSI=
-23,28,H67fAf56DpvOol+MjKpWEs8Cl18=,gkqJOzZMp5eSw6gacr0LLENiXig=
-22,27,qddrCGtzkpW6R+i70bMEEERuixs=,CfZgqInbOohbzFXajQNOCCNbgeM=
-23,25,j6G3v3q5+MaR2/O/AlMEkcMNW7c=,vkmcUSbOmeieHqWhjSVA95qh5o0=
-21,26,SCzXwwBQDXRDCDA0NEGw/l3LR9E=,CfZgqInbOohbzFXajQNOCCNbgeM=
-21,23,BGk6OBAYTrqmc4DHXfdx3MKsqjU=,kxpD1QbdxRrtvmzXL1zSMrqDdBM=
-22,30,nL1Rc1KcHG+voLodwK9vNYI/XiU=,VmwPFAB81ODK2QM0uyZaLrYWnIs=
-22,29,H67fAf56DpvOol+MjKpWEs8Cl18=,p18/u5U/Ci4jn3rZxK7IBTaSH4g=
-23,29,H67fAf56DpvOol+MjKpWEs8Cl18=,gkqJOzZMp5eSw6gacr0LLENiXig=
-22,31,nL1Rc1KcHG+voLodwK9vNYI/XiU=,VmwPFAB81ODK2QM0uyZaLrYWnIs=
-21,31,nL1Rc1KcHG+voLodwK9vNYI/XiU=,VmwPFAB81ODK2QM0uyZaLrYWnIs=
-21,22,BGk6OBAYTrqmc4DHXfdx3MKsqjU=,kxpD1QbdxRrtvmzXL1zSMrqDdBM=
-21,20,bFzYUH7Bvd6PJIALJIVVH9wgOJ4=,Bd+XdBu84I6pEjOP/nxiL1xq4mc=
-20,19,bFzYUH7Bvd6PJIALJIVVH9wgOJ4=,LpeKg+QVb9k1vALqqdPHW08FW+E=
-21,21,BGk6OBAYTrqmc4DHXfdx3MKsqjU=,Bd+XdBu84I6pEjOP/nxiL1xq4mc=
-21,19,W3U1n6z+hxn7k3zYzWbVpYFC1IM=,VE42PYuWLdlcFTL+Q8bev46hhFQ=
-29,18,nDMhPJVT9R9hVRaXRlluqJdWP9M=,RdJWRC+N3GdmiRum8MJZ/sO/RNc=
-21,28,H67fAf56DpvOol+MjKpWEs8Cl18=,p18/u5U/Ci4jn3rZxK7IBTaSH4g=
-21,30,nL1Rc1KcHG+voLodwK9vNYI/XiU=,VmwPFAB81ODK2QM0uyZaLrYWnIs=
-21,29,qBU6RJfy3aHKQgWrPfhoSJl+hZE=,p18/u5U/Ci4jn3rZxK7IBTaSH4g=
-21,27,qddrCGtzkpW6R+i70bMEEERuixs=,CfZgqInbOohbzFXajQNOCCNbgeM=
-18,19,bFzYUH7Bvd6PJIALJIVVH9wgOJ4=,Xqi1kRm6x+1hHn1fKfcbHfa3tIQ=
-19,19,bFzYUH7Bvd6PJIALJIVVH9wgOJ4=,LpeKg+QVb9k1vALqqdPHW08FW+E=
-17,19,bFzYUH7Bvd6PJIALJIVVH9wgOJ4=,Xqi1kRm6x+1hHn1fKfcbHfa3tIQ=
-26,31,qBU6RJfy3aHKQgWrPfhoSJl+hZE=,FFq9OaBIwyt3CZIeC930axNWD+k=
-25,31,qBU6RJfy3aHKQgWrPfhoSJl+hZE=,FFq9OaBIwyt3CZIeC930axNWD+k=
-29,31,c0yydIwvNVE4sZeazZtt8l6Gu6w=,Vrhh2JNeiiTCqYMuxpCfFMdQbWo=
-30,31,c0yydIwvNVE4sZeazZtt8l6Gu6w=,Vrhh2JNeiiTCqYMuxpCfFMdQbWo=
-31,17,nDMhPJVT9R9hVRaXRlluqJdWP9M=,TvXQ8Vyanew/YGoGOzx2tBMVxuo=
-28,16,c0yydIwvNVE4sZeazZtt8l6Gu6w=,h9/fhp8sGMu16HaHyJ3TwbiCHrk=
-32,16,c0yydIwvNVE4sZeazZtt8l6Gu6w=,TvXQ8Vyanew/YGoGOzx2tBMVxuo=
-21,18,W3U1n6z+hxn7k3zYzWbVpYFC1IM=,VE42PYuWLdlcFTL+Q8bev46hhFQ=
-20,18,bFzYUH7Bvd6PJIALJIVVH9wgOJ4=,LpeKg+QVb9k1vALqqdPHW08FW+E=
-18,18,bFzYUH7Bvd6PJIALJIVVH9wgOJ4=,Xqi1kRm6x+1hHn1fKfcbHfa3tIQ=
-17,18,bFzYUH7Bvd6PJIALJIVVH9wgOJ4=,Xqi1kRm6x+1hHn1fKfcbHfa3tIQ=
-19,18,bFzYUH7Bvd6PJIALJIVVH9wgOJ4=,LpeKg+QVb9k1vALqqdPHW08FW+E=
-15,19,0ZsuGgj4js78y7EI6VetKJiO8xU=,NAQVGJjxmohkoY70NthM8nZ9wGI=
-16,19,QVwxr0wBmJUwLoIA7ZmiG85FsVE=,NAQVGJjxmohkoY70NthM8nZ9wGI=
-15,18,czSOFnMQwXlheRv6hTCr/ZAHGWA=,NAQVGJjxmohkoY70NthM8nZ9wGI=
-16,18,czSOFnMQwXlheRv6hTCr/ZAHGWA=,NAQVGJjxmohkoY70NthM8nZ9wGI=
-21,25,bFzYUH7Bvd6PJIALJIVVH9wgOJ4=,kj6UVhdVsASCKGADhOQFefg/chk=
-22,25,bFzYUH7Bvd6PJIALJIVVH9wgOJ4=,kj6UVhdVsASCKGADhOQFefg/chk=
-22,24,bFzYUH7Bvd6PJIALJIVVH9wgOJ4=,kj6UVhdVsASCKGADhOQFefg/chk=
-21,24,BGk6OBAYTrqmc4DHXfdx3MKsqjU=,kj6UVhdVsASCKGADhOQFefg/chk=
-18,20,bFzYUH7Bvd6PJIALJIVVH9wgOJ4=,W2bHPC0yYtbgTE5Buj13Q3J3Wqk=
-18,21,BGk6OBAYTrqmc4DHXfdx3MKsqjU=,W2bHPC0yYtbgTE5Buj13Q3J3Wqk=
-19,22,BGk6OBAYTrqmc4DHXfdx3MKsqjU=,UMGDOYbt3kQz6dRHwP8GBS0S4+E=
-19,24,bFzYUH7Bvd6PJIALJIVVH9wgOJ4=,R8rQXx2TS0Z5z7j+ALcg7Z7cc2g=
-18,24,bFzYUH7Bvd6PJIALJIVVH9wgOJ4=,3fxQWE+VpzCOlckKY4tidCnA98k=
-20,23,BGk6OBAYTrqmc4DHXfdx3MKsqjU=,UMGDOYbt3kQz6dRHwP8GBS0S4+E=
-18,23,bFzYUH7Bvd6PJIALJIVVH9wgOJ4=,l4VFR/KGdiEUpeGbNM/kjy9RklM=
-18,22,BGk6OBAYTrqmc4DHXfdx3MKsqjU=,l4VFR/KGdiEUpeGbNM/kjy9RklM=
-20,24,BGk6OBAYTrqmc4DHXfdx3MKsqjU=,R8rQXx2TS0Z5z7j+ALcg7Z7cc2g=
-19,23,bFzYUH7Bvd6PJIALJIVVH9wgOJ4=,UMGDOYbt3kQz6dRHwP8GBS0S4+E=
-20,22,BGk6OBAYTrqmc4DHXfdx3MKsqjU=,UMGDOYbt3kQz6dRHwP8GBS0S4+E=
-17,22,bFzYUH7Bvd6PJIALJIVVH9wgOJ4=,l4VFR/KGdiEUpeGbNM/kjy9RklM=
-17,21,bFzYUH7Bvd6PJIALJIVVH9wgOJ4=,W2bHPC0yYtbgTE5Buj13Q3J3Wqk=
-20,25,bFzYUH7Bvd6PJIALJIVVH9wgOJ4=,R8rQXx2TS0Z5z7j+ALcg7Z7cc2g=
-17,24,bFzYUH7Bvd6PJIALJIVVH9wgOJ4=,3fxQWE+VpzCOlckKY4tidCnA98k=
-19,25,bFzYUH7Bvd6PJIALJIVVH9wgOJ4=,R8rQXx2TS0Z5z7j+ALcg7Z7cc2g=
-17,23,bFzYUH7Bvd6PJIALJIVVH9wgOJ4=,l4VFR/KGdiEUpeGbNM/kjy9RklM=
-18,25,bFzYUH7Bvd6PJIALJIVVH9wgOJ4=,3fxQWE+VpzCOlckKY4tidCnA98k=
-17,25,bFzYUH7Bvd6PJIALJIVVH9wgOJ4=,3fxQWE+VpzCOlckKY4tidCnA98k=
-17,20,bFzYUH7Bvd6PJIALJIVVH9wgOJ4=,W2bHPC0yYtbgTE5Buj13Q3J3Wqk=
-16,22,QVwxr0wBmJUwLoIA7ZmiG85FsVE=,ItIsTjOVLvGBDPPWrQqChmB4QgM=
-16,21,QVwxr0wBmJUwLoIA7ZmiG85FsVE=,yecKkCGBgIFHlatDWfI/YZ2ygd4=
-15,22,0ZsuGgj4js78y7EI6VetKJiO8xU=,ItIsTjOVLvGBDPPWrQqChmB4QgM=
-15,21,0ZsuGgj4js78y7EI6VetKJiO8xU=,yecKkCGBgIFHlatDWfI/YZ2ygd4=
-15,23,0ZsuGgj4js78y7EI6VetKJiO8xU=,ItIsTjOVLvGBDPPWrQqChmB4QgM=
-16,24,QVwxr0wBmJUwLoIA7ZmiG85FsVE=,sFXaK53oXUhA0AyT9EjSyx6YI5s=
-15,24,0ZsuGgj4js78y7EI6VetKJiO8xU=,sFXaK53oXUhA0AyT9EjSyx6YI5s=
-16,23,QVwxr0wBmJUwLoIA7ZmiG85FsVE=,ItIsTjOVLvGBDPPWrQqChmB4QgM=
-16,20,QVwxr0wBmJUwLoIA7ZmiG85FsVE=,yecKkCGBgIFHlatDWfI/YZ2ygd4=
-15,20,czSOFnMQwXlheRv6hTCr/ZAHGWA=,yecKkCGBgIFHlatDWfI/YZ2ygd4=
-16,25,QVwxr0wBmJUwLoIA7ZmiG85FsVE=,sFXaK53oXUhA0AyT9EjSyx6YI5s=
-15,25,QVwxr0wBmJUwLoIA7ZmiG85FsVE=,sFXaK53oXUhA0AyT9EjSyx6YI5s=
-14,20,0ZsuGgj4js78y7EI6VetKJiO8xU=,2oQLwp2c+dpo+WyfQlNAYIvAgDg=
-14,19,czSOFnMQwXlheRv6hTCr/ZAHGWA=,RfwUkmTPUNYJ5QFBJUzKYmvnu6Y=
-12,19,QVwxr0wBmJUwLoIA7ZmiG85FsVE=,0H5xlDEdUOxsnf+IisVhLo3Lr3M=
-12,20,QVwxr0wBmJUwLoIA7ZmiG85FsVE=,QftGksERYAskr7Z8KnwmZmmXXMw=
-13,20,QVwxr0wBmJUwLoIA7ZmiG85FsVE=,2oQLwp2c+dpo+WyfQlNAYIvAgDg=
-13,19,QVwxr0wBmJUwLoIA7ZmiG85FsVE=,RfwUkmTPUNYJ5QFBJUzKYmvnu6Y=
-12,21,QVwxr0wBmJUwLoIA7ZmiG85FsVE=,QftGksERYAskr7Z8KnwmZmmXXMw=
-13,21,QVwxr0wBmJUwLoIA7ZmiG85FsVE=,2oQLwp2c+dpo+WyfQlNAYIvAgDg=
-11,19,QVwxr0wBmJUwLoIA7ZmiG85FsVE=,0H5xlDEdUOxsnf+IisVhLo3Lr3M=
-11,20,QVwxr0wBmJUwLoIA7ZmiG85FsVE=,QftGksERYAskr7Z8KnwmZmmXXMw=
-11,21,QVwxr0wBmJUwLoIA7ZmiG85FsVE=,QftGksERYAskr7Z8KnwmZmmXXMw=
-14,21,0ZsuGgj4js78y7EI6VetKJiO8xU=,2oQLwp2c+dpo+WyfQlNAYIvAgDg=
-14,18,czSOFnMQwXlheRv6hTCr/ZAHGWA=,RfwUkmTPUNYJ5QFBJUzKYmvnu6Y=
-11,18,0ZsuGgj4js78y7EI6VetKJiO8xU=,0H5xlDEdUOxsnf+IisVhLo3Lr3M=
-12,18,0ZsuGgj4js78y7EI6VetKJiO8xU=,0H5xlDEdUOxsnf+IisVhLo3Lr3M=
-13,18,0ZsuGgj4js78y7EI6VetKJiO8xU=,RfwUkmTPUNYJ5QFBJUzKYmvnu6Y=
