76,76,IMM8eR8qLJcKjj+KdqDgJ4fMRQY=,4GZVME/yDrg2Z1n4C+vVv2GJOnU=
76,75,IMM8eR8qLJcKjj+KdqDgJ4fMRQY=,Yjn9Ca8AobtkNSJbb1zeIFfJ4C4=
75,76,IMM8eR8qLJcKjj+KdqDgJ4fMRQY=,8/HtVSE90WXS0TeWAgvZf2sK+vw=
75,75,IMM8eR8qLJcKjj+KdqDgJ4fMRQY=,fo0SnS4mcf9m+Ca17f1XwIPONok=
76,72,ZyJuLRKaDeK1oA9WUMSkLBA5OkE=,3yX9iHd4jAsztmPWhNbuq+VsXQo=
76,73,IMM8eR8qLJcKjj+KdqDgJ4fMRQY=,3yX9iHd4jAsztmPWhNbuq+VsXQo=
76,74,IMM8eR8qLJcKjj+KdqDgJ4fMRQY=,Yjn9Ca8AobtkNSJbb1zeIFfJ4C4=
75,73,IMM8eR8qLJcKjj+KdqDgJ4fMRQY=,B/Ub6udWNEEMr4kTF8UJaWSSmmk=
75,74,IMM8eR8qLJcKjj+KdqDgJ4fMRQY=,fo0SnS4mcf9m+Ca17f1XwIPONok=
75,71,ZyJuLRKaDeK1oA9WUMSkLBA5OkE=,KCUhXhKzuykGZ31xEInNkadKrHI=
76,71,ZyJuLRKaDeK1oA9WUMSkLBA5OkE=,rXTX+cYMxPkOF3zcHB2StKB2y5k=
75,72,ZyJuLRKaDeK1oA9WUMSkLBA5OkE=,B/Ub6udWNEEMr4kTF8UJaWSSmmk=
74,73,pxfGl0ahFmBNF4QYE5799N0WWP8=,B/Ub6udWNEEMr4kTF8UJaWSSmmk=
74,74,pxfGl0ahFmBNF4QYE5799N0WWP8=,fo0SnS4mcf9m+Ca17f1XwIPONok=
73,73,pxfGl0ahFmBNF4QYE5799N0WWP8=,yjzX3PP6kfq9dlRpW1ywvoLuTlc=
73,74,pxfGl0ahFmBNF4QYE5799N0WWP8=,dsLDDEVZ8A4WQ2fBKFcIXY0ldB8=
73,76,3RQKp0zhiVJSvv/F5Dk9yye30AM=,MgyKPQeBEXKtRaR6dtn6IZU67ZE=
73,75,3RQKp0zhiVJSvv/F5Dk9yye30AM=,dsLDDEVZ8A4WQ2fBKFcIXY0ldB8=
74,75,3RQKp0zhiVJSvv/F5Dk9yye30AM=,fo0SnS4mcf9m+Ca17f1XwIPONok=
74,76,3RQKp0zhiVJSvv/F5Dk9yye30AM=,8/HtVSE90WXS0TeWAgvZf2sK+vw=
72,75,3RQKp0zhiVJSvv/F5Dk9yye30AM=,dsLDDEVZ8A4WQ2fBKFcIXY0ldB8=
71,76,3RQKp0zhiVJSvv/F5Dk9yye30AM=,3Q6CjNcd9uqpynJGjX5R3ACDqD4=
71,75,3RQKp0zhiVJSvv/F5Dk9yye30AM=,kilDv+WMRZDIYwMLVeOWx4ZxAl0=
72,76,3RQKp0zhiVJSvv/F5Dk9yye30AM=,MgyKPQeBEXKtRaR6dtn6IZU67ZE=
68,77,VlMInTRstzqv32C5VJb/SV43+Ic=,B9Ti5k1gSlbadin3wSUz38o4p1I=
67,77,VlMInTRstzqv32C5VJb/SV43+Ic=,s1++qOceCoBUkDtOtbmjaKZcEWQ=
68,78,AO9CDbTGI0VxLyI3HgsJeHgoDCY=,mhsb2Tgom9EM7sNkVY7f35W0t7c=
67,78,AO9CDbTGI0VxLyI3HgsJeHgoDCY=,mhsb2Tgom9EM7sNkVY7f35W0t7c=
65,76,ffvPBh+NpxRlYdoKyx5ECe7fDak=,l5gIppMGagoFnLhIRETnHZTziaU=
65,75,CeYGu/0wPeUCyXCd2kS7sNHbBAc=,3StaOvjvDXHE3z697ozyQKMPXXI=
66,76,A0rMW0kCPmczp9g3JjgTIJz8tcY=,s1++qOceCoBUkDtOtbmjaKZcEWQ=
66,75,CeYGu/0wPeUCyXCd2kS7sNHbBAc=,+b53MdYdzNwpjaPYJHGOxZZ94Pk=
66,77,nIl8R/4f/MlnfVcaYDBA00A73Rk=,s1++qOceCoBUkDtOtbmjaKZcEWQ=
65,78,T4SbpvL7n+0FzR6dqJI4ikx0Tjc=,UeYMkh/jKu3z2SBtESVs3hsyeYQ=
65,77,ffvPBh+NpxRlYdoKyx5ECe7fDak=,l5gIppMGagoFnLhIRETnHZTziaU=
66,78,AO9CDbTGI0VxLyI3HgsJeHgoDCY=,mhsb2Tgom9EM7sNkVY7f35W0t7c=
70,78,ZyJuLRKaDeK1oA9WUMSkLBA5OkE=,fsYbfcXP9cKMrkUl4Ksx/uJCkrA=
69,78,OVsGGN1L+CQ05Yj5r+xDdxIOcw0=,mhsb2Tgom9EM7sNkVY7f35W0t7c=
69,77,VlMInTRstzqv32C5VJb/SV43+Ic=,B9Ti5k1gSlbadin3wSUz38o4p1I=
70,77,ZyJuLRKaDeK1oA9WUMSkLBA5OkE=,3Q6CjNcd9uqpynJGjX5R3ACDqD4=
72,78,3RQKp0zhiVJSvv/F5Dk9yye30AM=,0WsJ3aSMpbEDYem1ezrXugWWxwQ=
71,78,3RQKp0zhiVJSvv/F5Dk9yye30AM=,fsYbfcXP9cKMrkUl4Ksx/uJCkrA=
72,77,3RQKp0zhiVJSvv/F5Dk9yye30AM=,MgyKPQeBEXKtRaR6dtn6IZU67ZE=
71,77,3RQKp0zhiVJSvv/F5Dk9yye30AM=,3Q6CjNcd9uqpynJGjX5R3ACDqD4=
74,77,3RQKp0zhiVJSvv/F5Dk9yye30AM=,8/HtVSE90WXS0TeWAgvZf2sK+vw=
74,78,qXhkPSIR2Ej4Upe1Fk7iO6pYK+M=,HXsJ46p2oK/l4qDEr/x6zQ5ZTwI=
73,78,3RQKp0zhiVJSvv/F5Dk9yye30AM=,0WsJ3aSMpbEDYem1ezrXugWWxwQ=
73,77,3RQKp0zhiVJSvv/F5Dk9yye30AM=,MgyKPQeBEXKtRaR6dtn6IZU67ZE=
76,78,IMM8eR8qLJcKjj+KdqDgJ4fMRQY=,aq0nLA93B5X/PW47u6IBTkLzNrM=
76,77,IMM8eR8qLJcKjj+KdqDgJ4fMRQY=,4GZVME/yDrg2Z1n4C+vVv2GJOnU=
75,77,IMM8eR8qLJcKjj+KdqDgJ4fMRQY=,8/HtVSE90WXS0TeWAgvZf2sK+vw=
75,78,qXhkPSIR2Ej4Upe1Fk7iO6pYK+M=,HXsJ46p2oK/l4qDEr/x6zQ5ZTwI=
79,78,ZyJuLRKaDeK1oA9WUMSkLBA5OkE=,hhtOcsYLUridNgQG5KcWLqroGDI=
77,78,IMM8eR8qLJcKjj+KdqDgJ4fMRQY=,aq0nLA93B5X/PW47u6IBTkLzNrM=
78,77,IMM8eR8qLJcKjj+KdqDgJ4fMRQY=,eOCy4tk6C8Lw25kvX82TjtCNwSA=
78,78,IMM8eR8qLJcKjj+KdqDgJ4fMRQY=,hhtOcsYLUridNgQG5KcWLqroGDI=
77,77,IMM8eR8qLJcKjj+KdqDgJ4fMRQY=,4GZVME/yDrg2Z1n4C+vVv2GJOnU=
79,77,ZyJuLRKaDeK1oA9WUMSkLBA5OkE=,eOCy4tk6C8Lw25kvX82TjtCNwSA=
71,67,MzglV+/fmdE8S+rpEaZ5GSJfVzE=,8+/seRlVFot72NS1//x8aG8tLSI=
73,71,pxfGl0ahFmBNF4QYE5799N0WWP8=,dHdX1gFpFHr+6Ts2YtA+xy7QqsI=
74,71,pxfGl0ahFmBNF4QYE5799N0WWP8=,KCUhXhKzuykGZ31xEInNkadKrHI=
74,72,pxfGl0ahFmBNF4QYE5799N0WWP8=,B/Ub6udWNEEMr4kTF8UJaWSSmmk=
73,72,pxfGl0ahFmBNF4QYE5799N0WWP8=,yjzX3PP6kfq9dlRpW1ywvoLuTlc=
72,70,pxfGl0ahFmBNF4QYE5799N0WWP8=,dHdX1gFpFHr+6Ts2YtA+xy7QqsI=
76,70,ZyJuLRKaDeK1oA9WUMSkLBA5OkE=,rXTX+cYMxPkOF3zcHB2StKB2y5k=
74,70,pxfGl0ahFmBNF4QYE5799N0WWP8=,KCUhXhKzuykGZ31xEInNkadKrHI=
73,70,pxfGl0ahFmBNF4QYE5799N0WWP8=,dHdX1gFpFHr+6Ts2YtA+xy7QqsI=
75,70,ZyJuLRKaDeK1oA9WUMSkLBA5OkE=,KCUhXhKzuykGZ31xEInNkadKrHI=
76,67,4jz7ggrnf+KEcv/sK4Hu9HR5ATY=,8+/seRlVFot72NS1//x8aG8tLSI=
79,79,ZyJuLRKaDeK1oA9WUMSkLBA5OkE=,hhtOcsYLUridNgQG5KcWLqroGDI=
78,76,IMM8eR8qLJcKjj+KdqDgJ4fMRQY=,eOCy4tk6C8Lw25kvX82TjtCNwSA=
78,74,IMM8eR8qLJcKjj+KdqDgJ4fMRQY=,CRvImTrAV62uWLd4v+esXO9RSUg=
79,76,ZyJuLRKaDeK1oA9WUMSkLBA5OkE=,eOCy4tk6C8Lw25kvX82TjtCNwSA=
77,76,IMM8eR8qLJcKjj+KdqDgJ4fMRQY=,4GZVME/yDrg2Z1n4C+vVv2GJOnU=
77,73,IMM8eR8qLJcKjj+KdqDgJ4fMRQY=,3yX9iHd4jAsztmPWhNbuq+VsXQo=
78,79,ZyJuLRKaDeK1oA9WUMSkLBA5OkE=,hhtOcsYLUridNgQG5KcWLqroGDI=
77,74,IMM8eR8qLJcKjj+KdqDgJ4fMRQY=,Yjn9Ca8AobtkNSJbb1zeIFfJ4C4=
79,74,IMM8eR8qLJcKjj+KdqDgJ4fMRQY=,CRvImTrAV62uWLd4v+esXO9RSUg=
76,79,ZyJuLRKaDeK1oA9WUMSkLBA5OkE=,aq0nLA93B5X/PW47u6IBTkLzNrM=
78,75,IMM8eR8qLJcKjj+KdqDgJ4fMRQY=,CRvImTrAV62uWLd4v+esXO9RSUg=
77,79,ZyJuLRKaDeK1oA9WUMSkLBA5OkE=,aq0nLA93B5X/PW47u6IBTkLzNrM=
78,73,IMM8eR8qLJcKjj+KdqDgJ4fMRQY=,rC/UqtPPd9kstdUrJ8CUh4JFPT4=
79,73,IMM8eR8qLJcKjj+KdqDgJ4fMRQY=,rC/UqtPPd9kstdUrJ8CUh4JFPT4=
75,79,qXhkPSIR2Ej4Upe1Fk7iO6pYK+M=,HXsJ46p2oK/l4qDEr/x6zQ5ZTwI=
77,75,IMM8eR8qLJcKjj+KdqDgJ4fMRQY=,Yjn9Ca8AobtkNSJbb1zeIFfJ4C4=
65,74,CeYGu/0wPeUCyXCd2kS7sNHbBAc=,3StaOvjvDXHE3z697ozyQKMPXXI=
65,73,X4wzdvihRmSjeGUNOF4PWQ78EMI=,DVWxjuJKDYMIVBCEz9WAYj9fwqY=
66,74,CeYGu/0wPeUCyXCd2kS7sNHbBAc=,+b53MdYdzNwpjaPYJHGOxZZ94Pk=
66,73,CeYGu/0wPeUCyXCd2kS7sNHbBAc=,CYuUrg+52JQ6FJ/pCtmxses5838=
79,75,ZyJuLRKaDeK1oA9WUMSkLBA5OkE=,CRvImTrAV62uWLd4v+esXO9RSUg=
78,68,ZyJuLRKaDeK1oA9WUMSkLBA5OkE=,2k97upBI1q5tmDvfufoio0NAv2E=
79,68,ZyJuLRKaDeK1oA9WUMSkLBA5OkE=,2k97upBI1q5tmDvfufoio0NAv2E=
77,67,4jz7ggrnf+KEcv/sK4Hu9HR5ATY=,8+/seRlVFot72NS1//x8aG8tLSI=
68,79,AO9CDbTGI0VxLyI3HgsJeHgoDCY=,mhsb2Tgom9EM7sNkVY7f35W0t7c=
67,79,AO9CDbTGI0VxLyI3HgsJeHgoDCY=,mhsb2Tgom9EM7sNkVY7f35W0t7c=
70,79,ZyJuLRKaDeK1oA9WUMSkLBA5OkE=,fsYbfcXP9cKMrkUl4Ksx/uJCkrA=
69,76,D1rBW+N6JHIeK1+r58oMoC72xYk=,B9Ti5k1gSlbadin3wSUz38o4p1I=
69,79,OVsGGN1L+CQ05Yj5r+xDdxIOcw0=,mhsb2Tgom9EM7sNkVY7f35W0t7c=
72,79,ZyJuLRKaDeK1oA9WUMSkLBA5OkE=,0WsJ3aSMpbEDYem1ezrXugWWxwQ=
69,73,IUfmnUUbpsTUq/sM4LSiUPFPxTA=,mgtfQ9gOBmI5KoGKfINv48ZVTwc=
71,72,pxfGl0ahFmBNF4QYE5799N0WWP8=,bNas3rl5/OjZiKFaFq4NOivUykw=
70,74,ZyJuLRKaDeK1oA9WUMSkLBA5OkE=,kilDv+WMRZDIYwMLVeOWx4ZxAl0=
70,76,ZyJuLRKaDeK1oA9WUMSkLBA5OkE=,3Q6CjNcd9uqpynJGjX5R3ACDqD4=
68,74,BhueQfVrQ7gAodX2eqvpIznnSfI=,ZXMKqM8D9sJqXYpJ16bvZwKo4i0=
71,79,ZyJuLRKaDeK1oA9WUMSkLBA5OkE=,fsYbfcXP9cKMrkUl4Ksx/uJCkrA=
72,73,3RQKp0zhiVJSvv/F5Dk9yye30AM=,yjzX3PP6kfq9dlRpW1ywvoLuTlc=
71,74,3RQKp0zhiVJSvv/F5Dk9yye30AM=,kilDv+WMRZDIYwMLVeOWx4ZxAl0=
69,74,ffvPBh+NpxRlYdoKyx5ECe7fDak=,ZXMKqM8D9sJqXYpJ16bvZwKo4i0=
68,76,D1rBW+N6JHIeK1+r58oMoC72xYk=,B9Ti5k1gSlbadin3wSUz38o4p1I=
73,79,ZyJuLRKaDeK1oA9WUMSkLBA5OkE=,0WsJ3aSMpbEDYem1ezrXugWWxwQ=
67,75,CeYGu/0wPeUCyXCd2kS7sNHbBAc=,+b53MdYdzNwpjaPYJHGOxZZ94Pk=
70,75,ZyJuLRKaDeK1oA9WUMSkLBA5OkE=,kilDv+WMRZDIYwMLVeOWx4ZxAl0=
74,79,qXhkPSIR2Ej4Upe1Fk7iO6pYK+M=,HXsJ46p2oK/l4qDEr/x6zQ5ZTwI=
72,74,3RQKp0zhiVJSvv/F5Dk9yye30AM=,dsLDDEVZ8A4WQ2fBKFcIXY0ldB8=
72,72,pxfGl0ahFmBNF4QYE5799N0WWP8=,yjzX3PP6kfq9dlRpW1ywvoLuTlc=
67,76,A0rMW0kCPmczp9g3JjgTIJz8tcY=,s1++qOceCoBUkDtOtbmjaKZcEWQ=
68,75,ffvPBh+NpxRlYdoKyx5ECe7fDak=,ZXMKqM8D9sJqXYpJ16bvZwKo4i0=
69,75,ffvPBh+NpxRlYdoKyx5ECe7fDak=,ZXMKqM8D9sJqXYpJ16bvZwKo4i0=
67,74,CeYGu/0wPeUCyXCd2kS7sNHbBAc=,+b53MdYdzNwpjaPYJHGOxZZ94Pk=
68,73,X4wzdvihRmSjeGUNOF4PWQ78EMI=,mgtfQ9gOBmI5KoGKfINv48ZVTwc=
67,73,CeYGu/0wPeUCyXCd2kS7sNHbBAc=,CYuUrg+52JQ6FJ/pCtmxses5838=
70,72,ZyJuLRKaDeK1oA9WUMSkLBA5OkE=,bNas3rl5/OjZiKFaFq4NOivUykw=
68,72,X4wzdvihRmSjeGUNOF4PWQ78EMI=,mgtfQ9gOBmI5KoGKfINv48ZVTwc=
69,72,IUfmnUUbpsTUq/sM4LSiUPFPxTA=,mgtfQ9gOBmI5KoGKfINv48ZVTwc=
67,71,nIl8R/4f/MlnfVcaYDBA00A73Rk=,s1++qOceCoBUkDtOtbmjaKZcEWQ=
67,72,CeYGu/0wPeUCyXCd2kS7sNHbBAc=,CYuUrg+52JQ6FJ/pCtmxses5838=
71,73,3RQKp0zhiVJSvv/F5Dk9yye30AM=,bNas3rl5/OjZiKFaFq4NOivUykw=
70,73,ZyJuLRKaDeK1oA9WUMSkLBA5OkE=,bNas3rl5/OjZiKFaFq4NOivUykw=
72,71,pxfGl0ahFmBNF4QYE5799N0WWP8=,dHdX1gFpFHr+6Ts2YtA+xy7QqsI=
65,72,X4wzdvihRmSjeGUNOF4PWQ78EMI=,DVWxjuJKDYMIVBCEz9WAYj9fwqY=
66,71,A0rMW0kCPmczp9g3JjgTIJz8tcY=,s1++qOceCoBUkDtOtbmjaKZcEWQ=
66,72,CeYGu/0wPeUCyXCd2kS7sNHbBAc=,CYuUrg+52JQ6FJ/pCtmxses5838=
66,70,nIl8R/4f/MlnfVcaYDBA00A73Rk=,s1++qOceCoBUkDtOtbmjaKZcEWQ=
67,65,4jz7ggrnf+KEcv/sK4Hu9HR5ATY=,8+/seRlVFot72NS1//x8aG8tLSI=
70,67,4jz7ggrnf+KEcv/sK4Hu9HR5ATY=,8+/seRlVFot72NS1//x8aG8tLSI=
67,70,nIl8R/4f/MlnfVcaYDBA00A73Rk=,s1++qOceCoBUkDtOtbmjaKZcEWQ=
65,79,4jz7ggrnf+KEcv/sK4Hu9HR5ATY=,UeYMkh/jKu3z2SBtESVs3hsyeYQ=
66,79,TripOZ92doxYTzPcrNq/wppL8vc=,mhsb2Tgom9EM7sNkVY7f35W0t7c=
67,64,4jz7ggrnf+KEcv/sK4Hu9HR5ATY=,8+/seRlVFot72NS1//x8aG8tLSI=
77,66,4jz7ggrnf+KEcv/sK4Hu9HR5ATY=,8+/seRlVFot72NS1//x8aG8tLSI=
66,65,4jz7ggrnf+KEcv/sK4Hu9HR5ATY=,8+/seRlVFot72NS1//x8aG8tLSI=
70,66,4jz7ggrnf+KEcv/sK4Hu9HR5ATY=,8+/seRlVFot72NS1//x8aG8tLSI=
71,66,4jz7ggrnf+KEcv/sK4Hu9HR5ATY=,8+/seRlVFot72NS1//x8aG8tLSI=
76,66,4jz7ggrnf+KEcv/sK4Hu9HR5ATY=,8+/seRlVFot72NS1//x8aG8tLSI=
66,64,4jz7ggrnf+KEcv/sK4Hu9HR5ATY=,8+/seRlVFot72NS1//x8aG8tLSI=
64,73,X4wzdvihRmSjeGUNOF4PWQ78EMI=,DVWxjuJKDYMIVBCEz9WAYj9fwqY=
64,74,CeYGu/0wPeUCyXCd2kS7sNHbBAc=,3StaOvjvDXHE3z697ozyQKMPXXI=
64,72,IUfmnUUbpsTUq/sM4LSiUPFPxTA=,DVWxjuJKDYMIVBCEz9WAYj9fwqY=
64,76,ffvPBh+NpxRlYdoKyx5ECe7fDak=,l5gIppMGagoFnLhIRETnHZTziaU=
64,75,CeYGu/0wPeUCyXCd2kS7sNHbBAc=,3StaOvjvDXHE3z697ozyQKMPXXI=
64,78,4jz7ggrnf+KEcv/sK4Hu9HR5ATY=,UeYMkh/jKu3z2SBtESVs3hsyeYQ=
64,77,ffvPBh+NpxRlYdoKyx5ECe7fDak=,l5gIppMGagoFnLhIRETnHZTziaU=
64,79,4jz7ggrnf+KEcv/sK4Hu9HR5ATY=,UeYMkh/jKu3z2SBtESVs3hsyeYQ=
78,70,ZyJuLRKaDeK1oA9WUMSkLBA5OkE=,v6lsAyceFIlR2uZSBBtYNra78Ds=
79,71,ZyJuLRKaDeK1oA9WUMSkLBA5OkE=,v6lsAyceFIlR2uZSBBtYNra78Ds=
78,71,ZyJuLRKaDeK1oA9WUMSkLBA5OkE=,v6lsAyceFIlR2uZSBBtYNra78Ds=
77,72,ZyJuLRKaDeK1oA9WUMSkLBA5OkE=,3yX9iHd4jAsztmPWhNbuq+VsXQo=
77,71,ZyJuLRKaDeK1oA9WUMSkLBA5OkE=,rXTX+cYMxPkOF3zcHB2StKB2y5k=
78,69,ZyJuLRKaDeK1oA9WUMSkLBA5OkE=,2k97upBI1q5tmDvfufoio0NAv2E=
79,69,ZyJuLRKaDeK1oA9WUMSkLBA5OkE=,2k97upBI1q5tmDvfufoio0NAv2E=
78,72,ZyJuLRKaDeK1oA9WUMSkLBA5OkE=,rC/UqtPPd9kstdUrJ8CUh4JFPT4=
77,70,ZyJuLRKaDeK1oA9WUMSkLBA5OkE=,rXTX+cYMxPkOF3zcHB2StKB2y5k=
79,70,ZyJuLRKaDeK1oA9WUMSkLBA5OkE=,v6lsAyceFIlR2uZSBBtYNra78Ds=
79,72,ZyJuLRKaDeK1oA9WUMSkLBA5OkE=,rC/UqtPPd9kstdUrJ8CUh4JFPT4=
77,82,FjedM+W90aT/3QdUSD1xHlLJwyE=,rgcyWnW0gsZqtDx2u5YdBCtSXro=
78,82,FjedM+W90aT/3QdUSD1xHlLJwyE=,WCwV/OuYDXAtl0qI3Ugu04CBqOo=
77,81,/zkLYwK119sHVfWx0TYHoLH6Lyc=,m4UfoZBzppi2Lo1usz9qj00MEAY=
78,81,/zkLYwK119sHVfWx0TYHoLH6Lyc=,8ln61lM0jg+aJiBP/ZJ04pcjjI8=
76,82,FjedM+W90aT/3QdUSD1xHlLJwyE=,rgcyWnW0gsZqtDx2u5YdBCtSXro=
75,82,FjedM+W90aT/3QdUSD1xHlLJwyE=,NZIjU88mzONqMQxq0c/3DNQVLn0=
76,81,/zkLYwK119sHVfWx0TYHoLH6Lyc=,m4UfoZBzppi2Lo1usz9qj00MEAY=
75,81,9pIaZTCVTUSIpYB0ugv+LNTx3Io=,erc8DBAKZojQtyRVR2+x+0g+axQ=
74,82,FjedM+W90aT/3QdUSD1xHlLJwyE=,NZIjU88mzONqMQxq0c/3DNQVLn0=
74,81,9pIaZTCVTUSIpYB0ugv+LNTx3Io=,erc8DBAKZojQtyRVR2+x+0g+axQ=
73,81,ZyJuLRKaDeK1oA9WUMSkLBA5OkE=,sV0xYpy51EWN0gyBloglQMWu4Fw=
73,82,9pIaZTCVTUSIpYB0ugv+LNTx3Io=,KkgxeyTvJb7273XbG0F5vaHZwvA=
73,83,9pIaZTCVTUSIpYB0ugv+LNTx3Io=,KkgxeyTvJb7273XbG0F5vaHZwvA=
74,84,FjedM+W90aT/3QdUSD1xHlLJwyE=,kOZZRuP3g6eWwN6i/j8ena//0N0=
72,81,ZyJuLRKaDeK1oA9WUMSkLBA5OkE=,sV0xYpy51EWN0gyBloglQMWu4Fw=
74,83,FjedM+W90aT/3QdUSD1xHlLJwyE=,NZIjU88mzONqMQxq0c/3DNQVLn0=
73,84,9pIaZTCVTUSIpYB0ugv+LNTx3Io=,erc8DBAKZojQtyRVR2+x+0g+axQ=
72,82,9pIaZTCVTUSIpYB0ugv+LNTx3Io=,KkgxeyTvJb7273XbG0F5vaHZwvA=
71,81,ZyJuLRKaDeK1oA9WUMSkLBA5OkE=,ROmr1F04XoGye4yYvwAvz5O2uUE=
71,82,jk6fMu505/rPu9QhAmHMtia0DqU=,wP/58MwecbVN8Y6fz6CWeOR3wQk=
79,82,FjedM+W90aT/3QdUSD1xHlLJwyE=,WCwV/OuYDXAtl0qI3Ugu04CBqOo=
79,81,/zkLYwK119sHVfWx0TYHoLH6Lyc=,8ln61lM0jg+aJiBP/ZJ04pcjjI8=
69,88,A3B+cqx4bonh1wrtffCRWYCHECs=,1E3ixYMCqSH0iYlNsafPgvIdIF0=
70,88,A3B+cqx4bonh1wrtffCRWYCHECs=,1E3ixYMCqSH0iYlNsafPgvIdIF0=
69,87,A3B+cqx4bonh1wrtffCRWYCHECs=,JcPvKWgyHyU2ufL8DuOOVv03q8w=
70,87,A3B+cqx4bonh1wrtffCRWYCHECs=,JcPvKWgyHyU2ufL8DuOOVv03q8w=
73,86,A3B+cqx4bonh1wrtffCRWYCHECs=,JcPvKWgyHyU2ufL8DuOOVv03q8w=
74,86,FjedM+W90aT/3QdUSD1xHlLJwyE=,9Ya2oe/pPDYRz0DZ/Y7FiOUQndc=
74,85,FjedM+W90aT/3QdUSD1xHlLJwyE=,kOZZRuP3g6eWwN6i/j8ena//0N0=
73,85,9pIaZTCVTUSIpYB0ugv+LNTx3Io=,erc8DBAKZojQtyRVR2+x+0g+axQ=
71,87,A3B+cqx4bonh1wrtffCRWYCHECs=,JcPvKWgyHyU2ufL8DuOOVv03q8w=
74,87,FjedM+W90aT/3QdUSD1xHlLJwyE=,9Ya2oe/pPDYRz0DZ/Y7FiOUQndc=
71,88,A3B+cqx4bonh1wrtffCRWYCHECs=,1E3ixYMCqSH0iYlNsafPgvIdIF0=
73,87,A3B+cqx4bonh1wrtffCRWYCHECs=,JcPvKWgyHyU2ufL8DuOOVv03q8w=
72,87,A3B+cqx4bonh1wrtffCRWYCHECs=,JcPvKWgyHyU2ufL8DuOOVv03q8w=
77,93,A3B+cqx4bonh1wrtffCRWYCHECs=,8+/seRlVFot72NS1//x8aG8tLSI=
72,84,9pIaZTCVTUSIpYB0ugv+LNTx3Io=,erc8DBAKZojQtyRVR2+x+0g+axQ=
71,85,A3B+cqx4bonh1wrtffCRWYCHECs=,JcPvKWgyHyU2ufL8DuOOVv03q8w=
72,86,A3B+cqx4bonh1wrtffCRWYCHECs=,JcPvKWgyHyU2ufL8DuOOVv03q8w=
72,83,9pIaZTCVTUSIpYB0ugv+LNTx3Io=,KkgxeyTvJb7273XbG0F5vaHZwvA=
71,86,A3B+cqx4bonh1wrtffCRWYCHECs=,JcPvKWgyHyU2ufL8DuOOVv03q8w=
71,84,A3B+cqx4bonh1wrtffCRWYCHECs=,JcPvKWgyHyU2ufL8DuOOVv03q8w=
72,85,9pIaZTCVTUSIpYB0ugv+LNTx3Io=,erc8DBAKZojQtyRVR2+x+0g+axQ=
71,83,jk6fMu505/rPu9QhAmHMtia0DqU=,wP/58MwecbVN8Y6fz6CWeOR3wQk=
69,86,A3B+cqx4bonh1wrtffCRWYCHECs=,JcPvKWgyHyU2ufL8DuOOVv03q8w=
70,85,A3B+cqx4bonh1wrtffCRWYCHECs=,JcPvKWgyHyU2ufL8DuOOVv03q8w=
70,86,A3B+cqx4bonh1wrtffCRWYCHECs=,JcPvKWgyHyU2ufL8DuOOVv03q8w=
69,85,A3B+cqx4bonh1wrtffCRWYCHECs=,JcPvKWgyHyU2ufL8DuOOVv03q8w=
71,80,ZyJuLRKaDeK1oA9WUMSkLBA5OkE=,ROmr1F04XoGye4yYvwAvz5O2uUE=
72,80,ZyJuLRKaDeK1oA9WUMSkLBA5OkE=,sV0xYpy51EWN0gyBloglQMWu4Fw=
74,80,9pIaZTCVTUSIpYB0ugv+LNTx3Io=,erc8DBAKZojQtyRVR2+x+0g+axQ=
73,80,ZyJuLRKaDeK1oA9WUMSkLBA5OkE=,sV0xYpy51EWN0gyBloglQMWu4Fw=
76,80,/zkLYwK119sHVfWx0TYHoLH6Lyc=,m4UfoZBzppi2Lo1usz9qj00MEAY=
75,80,9pIaZTCVTUSIpYB0ugv+LNTx3Io=,erc8DBAKZojQtyRVR2+x+0g+axQ=
77,80,/zkLYwK119sHVfWx0TYHoLH6Lyc=,m4UfoZBzppi2Lo1usz9qj00MEAY=
78,80,/zkLYwK119sHVfWx0TYHoLH6Lyc=,8ln61lM0jg+aJiBP/ZJ04pcjjI8=
79,80,/zkLYwK119sHVfWx0TYHoLH6Lyc=,8ln61lM0jg+aJiBP/ZJ04pcjjI8=
79,88,A3B+cqx4bonh1wrtffCRWYCHECs=,mGponMlEtgHQRjFX+xHzAH38uxQ=
79,87,vcHYirUL9SFcNBwLfAqXjKEPyuk=,0/7YypRNRTZHS0r54DKoNFmWplU=
79,89,A3B+cqx4bonh1wrtffCRWYCHECs=,mGponMlEtgHQRjFX+xHzAH38uxQ=
73,90,A3B+cqx4bonh1wrtffCRWYCHECs=,8+/seRlVFot72NS1//x8aG8tLSI=
73,91,A3B+cqx4bonh1wrtffCRWYCHECs=,8+/seRlVFot72NS1//x8aG8tLSI=
72,90,A3B+cqx4bonh1wrtffCRWYCHECs=,8+/seRlVFot72NS1//x8aG8tLSI=
71,89,A3B+cqx4bonh1wrtffCRWYCHECs=,1E3ixYMCqSH0iYlNsafPgvIdIF0=
76,92,A3B+cqx4bonh1wrtffCRWYCHECs=,8+/seRlVFot72NS1//x8aG8tLSI=
77,92,A3B+cqx4bonh1wrtffCRWYCHECs=,8+/seRlVFot72NS1//x8aG8tLSI=
76,89,A3B+cqx4bonh1wrtffCRWYCHECs=,mGponMlEtgHQRjFX+xHzAH38uxQ=
77,89,A3B+cqx4bonh1wrtffCRWYCHECs=,mGponMlEtgHQRjFX+xHzAH38uxQ=
78,89,A3B+cqx4bonh1wrtffCRWYCHECs=,mGponMlEtgHQRjFX+xHzAH38uxQ=
67,93,A3B+cqx4bonh1wrtffCRWYCHECs=,8+/seRlVFot72NS1//x8aG8tLSI=
67,92,A3B+cqx4bonh1wrtffCRWYCHECs=,8+/seRlVFot72NS1//x8aG8tLSI=
68,89,A3B+cqx4bonh1wrtffCRWYCHECs=,1E3ixYMCqSH0iYlNsafPgvIdIF0=
69,89,A3B+cqx4bonh1wrtffCRWYCHECs=,1E3ixYMCqSH0iYlNsafPgvIdIF0=
70,89,A3B+cqx4bonh1wrtffCRWYCHECs=,1E3ixYMCqSH0iYlNsafPgvIdIF0=
67,89,A3B+cqx4bonh1wrtffCRWYCHECs=,1E3ixYMCqSH0iYlNsafPgvIdIF0=
68,87,A3B+cqx4bonh1wrtffCRWYCHECs=,JcPvKWgyHyU2ufL8DuOOVv03q8w=
68,88,A3B+cqx4bonh1wrtffCRWYCHECs=,1E3ixYMCqSH0iYlNsafPgvIdIF0=
67,88,A3B+cqx4bonh1wrtffCRWYCHECs=,1E3ixYMCqSH0iYlNsafPgvIdIF0=
67,87,A3B+cqx4bonh1wrtffCRWYCHECs=,JcPvKWgyHyU2ufL8DuOOVv03q8w=
68,85,A3B+cqx4bonh1wrtffCRWYCHECs=,JcPvKWgyHyU2ufL8DuOOVv03q8w=
67,86,A3B+cqx4bonh1wrtffCRWYCHECs=,JcPvKWgyHyU2ufL8DuOOVv03q8w=
68,86,A3B+cqx4bonh1wrtffCRWYCHECs=,JcPvKWgyHyU2ufL8DuOOVv03q8w=
67,85,A3B+cqx4bonh1wrtffCRWYCHECs=,JcPvKWgyHyU2ufL8DuOOVv03q8w=
68,83,A3B+cqx4bonh1wrtffCRWYCHECs=,JcPvKWgyHyU2ufL8DuOOVv03q8w=
70,84,A3B+cqx4bonh1wrtffCRWYCHECs=,JcPvKWgyHyU2ufL8DuOOVv03q8w=
67,84,A3B+cqx4bonh1wrtffCRWYCHECs=,JcPvKWgyHyU2ufL8DuOOVv03q8w=
70,83,jk6fMu505/rPu9QhAmHMtia0DqU=,wP/58MwecbVN8Y6fz6CWeOR3wQk=
69,84,A3B+cqx4bonh1wrtffCRWYCHECs=,JcPvKWgyHyU2ufL8DuOOVv03q8w=
68,84,A3B+cqx4bonh1wrtffCRWYCHECs=,JcPvKWgyHyU2ufL8DuOOVv03q8w=
69,83,A3B+cqx4bonh1wrtffCRWYCHECs=,JcPvKWgyHyU2ufL8DuOOVv03q8w=
67,83,A3B+cqx4bonh1wrtffCRWYCHECs=,JcPvKWgyHyU2ufL8DuOOVv03q8w=
76,93,A3B+cqx4bonh1wrtffCRWYCHECs=,8+/seRlVFot72NS1//x8aG8tLSI=
78,88,xZa+mVOeBf1EZDaYvN98/0Gup70=,mGponMlEtgHQRjFX+xHzAH38uxQ=
76,88,xZa+mVOeBf1EZDaYvN98/0Gup70=,mGponMlEtgHQRjFX+xHzAH38uxQ=
78,87,vcHYirUL9SFcNBwLfAqXjKEPyuk=,0/7YypRNRTZHS0r54DKoNFmWplU=
77,88,xZa+mVOeBf1EZDaYvN98/0Gup70=,mGponMlEtgHQRjFX+xHzAH38uxQ=
76,87,FjedM+W90aT/3QdUSD1xHlLJwyE=,snVKC2STiFfd8xcCB3lzhAHJwCc=
77,87,FjedM+W90aT/3QdUSD1xHlLJwyE=,snVKC2STiFfd8xcCB3lzhAHJwCc=
75,87,FjedM+W90aT/3QdUSD1xHlLJwyE=,9Ya2oe/pPDYRz0DZ/Y7FiOUQndc=
66,84,xZa+mVOeBf1EZDaYvN98/0Gup70=,JcPvKWgyHyU2ufL8DuOOVv03q8w=
65,83,xZa+mVOeBf1EZDaYvN98/0Gup70=,1E3ixYMCqSH0iYlNsafPgvIdIF0=
65,84,xZa+mVOeBf1EZDaYvN98/0Gup70=,8+/seRlVFot72NS1//x8aG8tLSI=
66,83,xZa+mVOeBf1EZDaYvN98/0Gup70=,JcPvKWgyHyU2ufL8DuOOVv03q8w=
72,91,xZa+mVOeBf1EZDaYvN98/0Gup70=,8+/seRlVFot72NS1//x8aG8tLSI=
65,85,xZa+mVOeBf1EZDaYvN98/0Gup70=,8+/seRlVFot72NS1//x8aG8tLSI=
65,86,xZa+mVOeBf1EZDaYvN98/0Gup70=,1E3ixYMCqSH0iYlNsafPgvIdIF0=
66,86,xZa+mVOeBf1EZDaYvN98/0Gup70=,JcPvKWgyHyU2ufL8DuOOVv03q8w=
66,85,xZa+mVOeBf1EZDaYvN98/0Gup70=,JcPvKWgyHyU2ufL8DuOOVv03q8w=
65,88,xZa+mVOeBf1EZDaYvN98/0Gup70=,1E3ixYMCqSH0iYlNsafPgvIdIF0=
65,87,xZa+mVOeBf1EZDaYvN98/0Gup70=,1E3ixYMCqSH0iYlNsafPgvIdIF0=
66,88,xZa+mVOeBf1EZDaYvN98/0Gup70=,1E3ixYMCqSH0iYlNsafPgvIdIF0=
66,87,xZa+mVOeBf1EZDaYvN98/0Gup70=,JcPvKWgyHyU2ufL8DuOOVv03q8w=
66,89,xZa+mVOeBf1EZDaYvN98/0Gup70=,1E3ixYMCqSH0iYlNsafPgvIdIF0=
65,89,xZa+mVOeBf1EZDaYvN98/0Gup70=,1E3ixYMCqSH0iYlNsafPgvIdIF0=
66,92,xZa+mVOeBf1EZDaYvN98/0Gup70=,8+/seRlVFot72NS1//x8aG8tLSI=
66,93,xZa+mVOeBf1EZDaYvN98/0Gup70=,8+/seRlVFot72NS1//x8aG8tLSI=
64,87,xZa+mVOeBf1EZDaYvN98/0Gup70=,1E3ixYMCqSH0iYlNsafPgvIdIF0=
64,88,xZa+mVOeBf1EZDaYvN98/0Gup70=,1E3ixYMCqSH0iYlNsafPgvIdIF0=
64,85,xZa+mVOeBf1EZDaYvN98/0Gup70=,8+/seRlVFot72NS1//x8aG8tLSI=
64,86,xZa+mVOeBf1EZDaYvN98/0Gup70=,1E3ixYMCqSH0iYlNsafPgvIdIF0=
64,83,xZa+mVOeBf1EZDaYvN98/0Gup70=,1E3ixYMCqSH0iYlNsafPgvIdIF0=
64,84,xZa+mVOeBf1EZDaYvN98/0Gup70=,8+/seRlVFot72NS1//x8aG8tLSI=
65,81,xZa+mVOeBf1EZDaYvN98/0Gup70=,n4IhaEs22QWPC8vbzMaby+iZ0z0=
66,82,xZa+mVOeBf1EZDaYvN98/0Gup70=,JcPvKWgyHyU2ufL8DuOOVv03q8w=
65,82,xZa+mVOeBf1EZDaYvN98/0Gup70=,1E3ixYMCqSH0iYlNsafPgvIdIF0=
66,81,7L/4MnmmeUYfuBe25K7QlYUxWzI=,FDQowWynww3xDvbdwuwXZspFve4=
65,80,xZa+mVOeBf1EZDaYvN98/0Gup70=,n4IhaEs22QWPC8vbzMaby+iZ0z0=
66,80,7L/4MnmmeUYfuBe25K7QlYUxWzI=,FDQowWynww3xDvbdwuwXZspFve4=
64,81,xZa+mVOeBf1EZDaYvN98/0Gup70=,n4IhaEs22QWPC8vbzMaby+iZ0z0=
64,82,xZa+mVOeBf1EZDaYvN98/0Gup70=,1E3ixYMCqSH0iYlNsafPgvIdIF0=
64,80,xZa+mVOeBf1EZDaYvN98/0Gup70=,n4IhaEs22QWPC8vbzMaby+iZ0z0=
64,89,xZa+mVOeBf1EZDaYvN98/0Gup70=,1E3ixYMCqSH0iYlNsafPgvIdIF0=
76,84,FjedM+W90aT/3QdUSD1xHlLJwyE=,fqWBL7UPAauZXKH2uMbd8nBvbdE=
76,83,FjedM+W90aT/3QdUSD1xHlLJwyE=,rgcyWnW0gsZqtDx2u5YdBCtSXro=
75,84,FjedM+W90aT/3QdUSD1xHlLJwyE=,kOZZRuP3g6eWwN6i/j8ena//0N0=
75,86,FjedM+W90aT/3QdUSD1xHlLJwyE=,9Ya2oe/pPDYRz0DZ/Y7FiOUQndc=
76,86,FjedM+W90aT/3QdUSD1xHlLJwyE=,snVKC2STiFfd8xcCB3lzhAHJwCc=
76,85,FjedM+W90aT/3QdUSD1xHlLJwyE=,fqWBL7UPAauZXKH2uMbd8nBvbdE=
75,83,FjedM+W90aT/3QdUSD1xHlLJwyE=,NZIjU88mzONqMQxq0c/3DNQVLn0=
75,85,FjedM+W90aT/3QdUSD1xHlLJwyE=,kOZZRuP3g6eWwN6i/j8ena//0N0=
68,82,xZa+mVOeBf1EZDaYvN98/0Gup70=,JcPvKWgyHyU2ufL8DuOOVv03q8w=
70,80,ZyJuLRKaDeK1oA9WUMSkLBA5OkE=,ROmr1F04XoGye4yYvwAvz5O2uUE=
69,82,xZa+mVOeBf1EZDaYvN98/0Gup70=,JcPvKWgyHyU2ufL8DuOOVv03q8w=
67,82,xZa+mVOeBf1EZDaYvN98/0Gup70=,JcPvKWgyHyU2ufL8DuOOVv03q8w=
69,80,7L/4MnmmeUYfuBe25K7QlYUxWzI=,cSrtVjC1J+Akch/XIfUfuuTUTd8=
70,81,ZyJuLRKaDeK1oA9WUMSkLBA5OkE=,ROmr1F04XoGye4yYvwAvz5O2uUE=
67,80,7L/4MnmmeUYfuBe25K7QlYUxWzI=,FDQowWynww3xDvbdwuwXZspFve4=
67,81,7L/4MnmmeUYfuBe25K7QlYUxWzI=,FDQowWynww3xDvbdwuwXZspFve4=
68,80,7L/4MnmmeUYfuBe25K7QlYUxWzI=,cSrtVjC1J+Akch/XIfUfuuTUTd8=
70,82,jk6fMu505/rPu9QhAmHMtia0DqU=,wP/58MwecbVN8Y6fz6CWeOR3wQk=
68,81,7L/4MnmmeUYfuBe25K7QlYUxWzI=,cSrtVjC1J+Akch/XIfUfuuTUTd8=
69,81,7L/4MnmmeUYfuBe25K7QlYUxWzI=,cSrtVjC1J+Akch/XIfUfuuTUTd8=
78,84,FjedM+W90aT/3QdUSD1xHlLJwyE=,fG91ru4bAbTvlPJnFgSWeUAilEs=
79,85,FjedM+W90aT/3QdUSD1xHlLJwyE=,fG91ru4bAbTvlPJnFgSWeUAilEs=
78,86,vcHYirUL9SFcNBwLfAqXjKEPyuk=,0/7YypRNRTZHS0r54DKoNFmWplU=
79,86,vcHYirUL9SFcNBwLfAqXjKEPyuk=,0/7YypRNRTZHS0r54DKoNFmWplU=
78,85,FjedM+W90aT/3QdUSD1xHlLJwyE=,fG91ru4bAbTvlPJnFgSWeUAilEs=
77,85,FjedM+W90aT/3QdUSD1xHlLJwyE=,fqWBL7UPAauZXKH2uMbd8nBvbdE=
78,83,FjedM+W90aT/3QdUSD1xHlLJwyE=,WCwV/OuYDXAtl0qI3Ugu04CBqOo=
77,84,FjedM+W90aT/3QdUSD1xHlLJwyE=,fqWBL7UPAauZXKH2uMbd8nBvbdE=
77,86,FjedM+W90aT/3QdUSD1xHlLJwyE=,snVKC2STiFfd8xcCB3lzhAHJwCc=
79,84,FjedM+W90aT/3QdUSD1xHlLJwyE=,fG91ru4bAbTvlPJnFgSWeUAilEs=
77,83,FjedM+W90aT/3QdUSD1xHlLJwyE=,rgcyWnW0gsZqtDx2u5YdBCtSXro=
79,83,FjedM+W90aT/3QdUSD1xHlLJwyE=,WCwV/OuYDXAtl0qI3Ugu04CBqOo=
90,86,BxECnxXDnsU5iDpoj01YjYfpsIY=,8+/seRlVFot72NS1//x8aG8tLSI=
81,83,t51BUEe5psVO27N0plt7ZyEfmD4=,i1c5BWltpHbvqz719c1/OZZ22+8=
82,84,OYW/UW/w0gpy5v7oxfB9iQOq2kQ=,KVxbyXz9xMykeMDe4C1WRZ722WY=
81,84,t51BUEe5psVO27N0plt7ZyEfmD4=,R1ltI8y7/HyUL4lTntp9bAztlfg=
84,84,OYW/UW/w0gpy5v7oxfB9iQOq2kQ=,KVxbyXz9xMykeMDe4C1WRZ722WY=
84,83,OYW/UW/w0gpy5v7oxfB9iQOq2kQ=,AOSoEVSV3iSJuICMwsuD2W44gMM=
82,83,OYW/UW/w0gpy5v7oxfB9iQOq2kQ=,RaHP6AF7tQQSONZMRW9RLQtSS1E=
83,83,OYW/UW/w0gpy5v7oxfB9iQOq2kQ=,RaHP6AF7tQQSONZMRW9RLQtSS1E=
83,84,OYW/UW/w0gpy5v7oxfB9iQOq2kQ=,KVxbyXz9xMykeMDe4C1WRZ722WY=
81,86,OYW/UW/w0gpy5v7oxfB9iQOq2kQ=,VB+TdlIwuA07RTLepaazaetkk6Q=
81,85,t51BUEe5psVO27N0plt7ZyEfmD4=,R1ltI8y7/HyUL4lTntp9bAztlfg=
82,86,OYW/UW/w0gpy5v7oxfB9iQOq2kQ=,8+/seRlVFot72NS1//x8aG8tLSI=
82,85,OYW/UW/w0gpy5v7oxfB9iQOq2kQ=,KVxbyXz9xMykeMDe4C1WRZ722WY=
91,86,OYW/UW/w0gpy5v7oxfB9iQOq2kQ=,8+/seRlVFot72NS1//x8aG8tLSI=
91,81,OYW/UW/w0gpy5v7oxfB9iQOq2kQ=,8+/seRlVFot72NS1//x8aG8tLSI=
90,80,OYW/UW/w0gpy5v7oxfB9iQOq2kQ=,8+/seRlVFot72NS1//x8aG8tLSI=
91,80,OYW/UW/w0gpy5v7oxfB9iQOq2kQ=,8+/seRlVFot72NS1//x8aG8tLSI=
93,95,OYW/UW/w0gpy5v7oxfB9iQOq2kQ=,8+/seRlVFot72NS1//x8aG8tLSI=
92,95,OYW/UW/w0gpy5v7oxfB9iQOq2kQ=,8+/seRlVFot72NS1//x8aG8tLSI=
87,92,OYW/UW/w0gpy5v7oxfB9iQOq2kQ=,8+/seRlVFot72NS1//x8aG8tLSI=
87,86,OYW/UW/w0gpy5v7oxfB9iQOq2kQ=,8+/seRlVFot72NS1//x8aG8tLSI=
83,86,OYW/UW/w0gpy5v7oxfB9iQOq2kQ=,8+/seRlVFot72NS1//x8aG8tLSI=
84,85,OYW/UW/w0gpy5v7oxfB9iQOq2kQ=,KVxbyXz9xMykeMDe4C1WRZ722WY=
85,85,OYW/UW/w0gpy5v7oxfB9iQOq2kQ=,KVxbyXz9xMykeMDe4C1WRZ722WY=
83,85,OYW/UW/w0gpy5v7oxfB9iQOq2kQ=,KVxbyXz9xMykeMDe4C1WRZ722WY=
86,86,OYW/UW/w0gpy5v7oxfB9iQOq2kQ=,8+/seRlVFot72NS1//x8aG8tLSI=
94,91,OYW/UW/w0gpy5v7oxfB9iQOq2kQ=,8+/seRlVFot72NS1//x8aG8tLSI=
93,94,OYW/UW/w0gpy5v7oxfB9iQOq2kQ=,8+/seRlVFot72NS1//x8aG8tLSI=
93,91,OYW/UW/w0gpy5v7oxfB9iQOq2kQ=,8+/seRlVFot72NS1//x8aG8tLSI=
81,87,OYW/UW/w0gpy5v7oxfB9iQOq2kQ=,VB+TdlIwuA07RTLepaazaetkk6Q=
82,87,OYW/UW/w0gpy5v7oxfB9iQOq2kQ=,8+/seRlVFot72NS1//x8aG8tLSI=
83,87,OYW/UW/w0gpy5v7oxfB9iQOq2kQ=,8+/seRlVFot72NS1//x8aG8tLSI=
86,87,OYW/UW/w0gpy5v7oxfB9iQOq2kQ=,8+/seRlVFot72NS1//x8aG8tLSI=
85,80,OYW/UW/w0gpy5v7oxfB9iQOq2kQ=,AOSoEVSV3iSJuICMwsuD2W44gMM=
86,80,OYW/UW/w0gpy5v7oxfB9iQOq2kQ=,8+/seRlVFot72NS1//x8aG8tLSI=
87,80,OYW/UW/w0gpy5v7oxfB9iQOq2kQ=,8+/seRlVFot72NS1//x8aG8tLSI=
92,94,OYW/UW/w0gpy5v7oxfB9iQOq2kQ=,8+/seRlVFot72NS1//x8aG8tLSI=
92,91,OYW/UW/w0gpy5v7oxfB9iQOq2kQ=,8+/seRlVFot72NS1//x8aG8tLSI=
80,83,t51BUEe5psVO27N0plt7ZyEfmD4=,i1c5BWltpHbvqz719c1/OZZ22+8=
93,90,OYW/UW/w0gpy5v7oxfB9iQOq2kQ=,8+/seRlVFot72NS1//x8aG8tLSI=
94,90,OYW/UW/w0gpy5v7oxfB9iQOq2kQ=,8+/seRlVFot72NS1//x8aG8tLSI=
92,90,OYW/UW/w0gpy5v7oxfB9iQOq2kQ=,8+/seRlVFot72NS1//x8aG8tLSI=
91,87,OYW/UW/w0gpy5v7oxfB9iQOq2kQ=,8+/seRlVFot72NS1//x8aG8tLSI=
90,87,OYW/UW/w0gpy5v7oxfB9iQOq2kQ=,8+/seRlVFot72NS1//x8aG8tLSI=
80,84,t51BUEe5psVO27N0plt7ZyEfmD4=,R1ltI8y7/HyUL4lTntp9bAztlfg=
87,87,OYW/UW/w0gpy5v7oxfB9iQOq2kQ=,8+/seRlVFot72NS1//x8aG8tLSI=
82,94,OYW/UW/w0gpy5v7oxfB9iQOq2kQ=,8+/seRlVFot72NS1//x8aG8tLSI=
81,93,OYW/UW/w0gpy5v7oxfB9iQOq2kQ=,8+/seRlVFot72NS1//x8aG8tLSI=
86,81,OYW/UW/w0gpy5v7oxfB9iQOq2kQ=,8+/seRlVFot72NS1//x8aG8tLSI=
85,83,OYW/UW/w0gpy5v7oxfB9iQOq2kQ=,AOSoEVSV3iSJuICMwsuD2W44gMM=
85,84,OYW/UW/w0gpy5v7oxfB9iQOq2kQ=,KVxbyXz9xMykeMDe4C1WRZ722WY=
85,81,OYW/UW/w0gpy5v7oxfB9iQOq2kQ=,AOSoEVSV3iSJuICMwsuD2W44gMM=
85,82,OYW/UW/w0gpy5v7oxfB9iQOq2kQ=,AOSoEVSV3iSJuICMwsuD2W44gMM=
83,95,OYW/UW/w0gpy5v7oxfB9iQOq2kQ=,8+/seRlVFot72NS1//x8aG8tLSI=
87,81,OYW/UW/w0gpy5v7oxfB9iQOq2kQ=,8+/seRlVFot72NS1//x8aG8tLSI=
90,81,OYW/UW/w0gpy5v7oxfB9iQOq2kQ=,8+/seRlVFot72NS1//x8aG8tLSI=
83,94,OYW/UW/w0gpy5v7oxfB9iQOq2kQ=,8+/seRlVFot72NS1//x8aG8tLSI=
82,95,OYW/UW/w0gpy5v7oxfB9iQOq2kQ=,8+/seRlVFot72NS1//x8aG8tLSI=
86,92,OYW/UW/w0gpy5v7oxfB9iQOq2kQ=,8+/seRlVFot72NS1//x8aG8tLSI=
80,93,OYW/UW/w0gpy5v7oxfB9iQOq2kQ=,8+/seRlVFot72NS1//x8aG8tLSI=
80,86,OYW/UW/w0gpy5v7oxfB9iQOq2kQ=,VB+TdlIwuA07RTLepaazaetkk6Q=
80,85,t51BUEe5psVO27N0plt7ZyEfmD4=,R1ltI8y7/HyUL4lTntp9bAztlfg=
80,87,OYW/UW/w0gpy5v7oxfB9iQOq2kQ=,VB+TdlIwuA07RTLepaazaetkk6Q=
86,93,OYW/UW/w0gpy5v7oxfB9iQOq2kQ=,8+/seRlVFot72NS1//x8aG8tLSI=
87,93,OYW/UW/w0gpy5v7oxfB9iQOq2kQ=,8+/seRlVFot72NS1//x8aG8tLSI=
95,90,OYW/UW/w0gpy5v7oxfB9iQOq2kQ=,8+/seRlVFot72NS1//x8aG8tLSI=
95,91,OYW/UW/w0gpy5v7oxfB9iQOq2kQ=,8+/seRlVFot72NS1//x8aG8tLSI=
80,92,OYW/UW/w0gpy5v7oxfB9iQOq2kQ=,8+/seRlVFot72NS1//x8aG8tLSI=
81,92,OYW/UW/w0gpy5v7oxfB9iQOq2kQ=,8+/seRlVFot72NS1//x8aG8tLSI=
84,82,OYW/UW/w0gpy5v7oxfB9iQOq2kQ=,AOSoEVSV3iSJuICMwsuD2W44gMM=
84,81,OYW/UW/w0gpy5v7oxfB9iQOq2kQ=,AOSoEVSV3iSJuICMwsuD2W44gMM=
84,80,OYW/UW/w0gpy5v7oxfB9iQOq2kQ=,AOSoEVSV3iSJuICMwsuD2W44gMM=
83,80,o2y5YL8ZkrCxERvxrMaP6nTPvEI=,SzTNf+ldh3empOUYsavjjotVXSU=
83,82,OYW/UW/w0gpy5v7oxfB9iQOq2kQ=,RaHP6AF7tQQSONZMRW9RLQtSS1E=
83,81,o2y5YL8ZkrCxERvxrMaP6nTPvEI=,SzTNf+ldh3empOUYsavjjotVXSU=
80,80,xjPPdlwvALHM3BcSbkWq+xGNkfM=,jUw4YStKzYZckOgti0FIJs4ip1A=
82,81,o2y5YL8ZkrCxERvxrMaP6nTPvEI=,SzTNf+ldh3empOUYsavjjotVXSU=
82,82,r/TCjsawrvZtkgebcCmUo7VATxw=,RaHP6AF7tQQSONZMRW9RLQtSS1E=
81,80,o2y5YL8ZkrCxERvxrMaP6nTPvEI=,jUw4YStKzYZckOgti0FIJs4ip1A=
82,80,xjPPdlwvALHM3BcSbkWq+xGNkfM=,SzTNf+ldh3empOUYsavjjotVXSU=
81,82,t51BUEe5psVO27N0plt7ZyEfmD4=,i1c5BWltpHbvqz719c1/OZZ22+8=
80,82,t51BUEe5psVO27N0plt7ZyEfmD4=,i1c5BWltpHbvqz719c1/OZZ22+8=
80,81,xjPPdlwvALHM3BcSbkWq+xGNkfM=,jUw4YStKzYZckOgti0FIJs4ip1A=
81,81,o2y5YL8ZkrCxERvxrMaP6nTPvEI=,jUw4YStKzYZckOgti0FIJs4ip1A=
81,75,paeTptWQ+gC7ATGn899/+Om6yGw=,dZPBdRs/G2BvkNoMAKdmN2iyjBs=
82,75,paeTptWQ+gC7ATGn899/+Om6yGw=,2vqqJh1EswA3XKFUTV/AqLW2N8Q=
81,76,paeTptWQ+gC7ATGn899/+Om6yGw=,Asyu0kc9+TGEuWli15vcP2G7XAg=
82,76,paeTptWQ+gC7ATGn899/+Om6yGw=,yIhhBX01Hr0Tqa5So2Ron3QENNU=
82,77,paeTptWQ+gC7ATGn899/+Om6yGw=,yIhhBX01Hr0Tqa5So2Ron3QENNU=
81,78,paeTptWQ+gC7ATGn899/+Om6yGw=,rZ54DnJOysTPqNctx+5qxOEuiAg=
81,77,ZyJuLRKaDeK1oA9WUMSkLBA5OkE=,Asyu0kc9+TGEuWli15vcP2G7XAg=
82,78,ZyJuLRKaDeK1oA9WUMSkLBA5OkE=,WsgNTSOcG6HSZWhk2DyNNYWuG/E=
83,69,P0m2WvjM6gx530LGLI2SRa/P9cc=,Zagf19zYwIIDn6ujtrGQIOYhR1Y=
83,70,P0m2WvjM6gx530LGLI2SRa/P9cc=,S4yiCItpj4P9VyTbtZoOLihrNuQ=
80,73,P0m2WvjM6gx530LGLI2SRa/P9cc=,r3q611e8kjkQoJVlWOHqndQKbPU=
80,74,P0m2WvjM6gx530LGLI2SRa/P9cc=,dZPBdRs/G2BvkNoMAKdmN2iyjBs=
81,74,paeTptWQ+gC7ATGn899/+Om6yGw=,dZPBdRs/G2BvkNoMAKdmN2iyjBs=
83,74,P0m2WvjM6gx530LGLI2SRa/P9cc=,2vqqJh1EswA3XKFUTV/AqLW2N8Q=
81,73,paeTptWQ+gC7ATGn899/+Om6yGw=,r3q611e8kjkQoJVlWOHqndQKbPU=
83,71,P0m2WvjM6gx530LGLI2SRa/P9cc=,S4yiCItpj4P9VyTbtZoOLihrNuQ=
82,74,paeTptWQ+gC7ATGn899/+Om6yGw=,2vqqJh1EswA3XKFUTV/AqLW2N8Q=
80,76,P0m2WvjM6gx530LGLI2SRa/P9cc=,Asyu0kc9+TGEuWli15vcP2G7XAg=
83,72,P0m2WvjM6gx530LGLI2SRa/P9cc=,PhJaWaCdbdJLYM5ydw3cPvtRSBk=
80,75,P0m2WvjM6gx530LGLI2SRa/P9cc=,dZPBdRs/G2BvkNoMAKdmN2iyjBs=
82,73,paeTptWQ+gC7ATGn899/+Om6yGw=,PhJaWaCdbdJLYM5ydw3cPvtRSBk=
83,73,P0m2WvjM6gx530LGLI2SRa/P9cc=,PhJaWaCdbdJLYM5ydw3cPvtRSBk=
80,79,P0m2WvjM6gx530LGLI2SRa/P9cc=,rZ54DnJOysTPqNctx+5qxOEuiAg=
80,77,P0m2WvjM6gx530LGLI2SRa/P9cc=,Asyu0kc9+TGEuWli15vcP2G7XAg=
81,79,P0m2WvjM6gx530LGLI2SRa/P9cc=,rZ54DnJOysTPqNctx+5qxOEuiAg=
82,79,P0m2WvjM6gx530LGLI2SRa/P9cc=,WsgNTSOcG6HSZWhk2DyNNYWuG/E=
83,77,ZyJuLRKaDeK1oA9WUMSkLBA5OkE=,yIhhBX01Hr0Tqa5So2Ron3QENNU=
83,75,P0m2WvjM6gx530LGLI2SRa/P9cc=,2vqqJh1EswA3XKFUTV/AqLW2N8Q=
83,78,ZyJuLRKaDeK1oA9WUMSkLBA5OkE=,WsgNTSOcG6HSZWhk2DyNNYWuG/E=
83,76,P0m2WvjM6gx530LGLI2SRa/P9cc=,yIhhBX01Hr0Tqa5So2Ron3QENNU=
83,79,P0m2WvjM6gx530LGLI2SRa/P9cc=,WsgNTSOcG6HSZWhk2DyNNYWuG/E=
83,67,P0m2WvjM6gx530LGLI2SRa/P9cc=,SUp1QRafiOD1j8DG4UaWADgVW6w=
83,68,P0m2WvjM6gx530LGLI2SRa/P9cc=,Zagf19zYwIIDn6ujtrGQIOYhR1Y=
86,71,P0m2WvjM6gx530LGLI2SRa/P9cc=,HVbsIxU6P5AaTHMGbJ6alPKUwqo=
82,66,P0m2WvjM6gx530LGLI2SRa/P9cc=,SUp1QRafiOD1j8DG4UaWADgVW6w=
83,66,P0m2WvjM6gx530LGLI2SRa/P9cc=,SUp1QRafiOD1j8DG4UaWADgVW6w=
84,65,qiW3QFbdhdsPBRM/wWzdAZAOo90=,8+/seRlVFot72NS1//x8aG8tLSI=
80,78,P0m2WvjM6gx530LGLI2SRa/P9cc=,rZ54DnJOysTPqNctx+5qxOEuiAg=
90,67,qiW3QFbdhdsPBRM/wWzdAZAOo90=,8+/seRlVFot72NS1//x8aG8tLSI=
84,64,qiW3QFbdhdsPBRM/wWzdAZAOo90=,8+/seRlVFot72NS1//x8aG8tLSI=
91,66,qiW3QFbdhdsPBRM/wWzdAZAOo90=,8+/seRlVFot72NS1//x8aG8tLSI=
87,71,P0m2WvjM6gx530LGLI2SRa/P9cc=,HVbsIxU6P5AaTHMGbJ6alPKUwqo=
90,70,qiW3QFbdhdsPBRM/wWzdAZAOo90=,8+/seRlVFot72NS1//x8aG8tLSI=
91,67,qiW3QFbdhdsPBRM/wWzdAZAOo90=,8+/seRlVFot72NS1//x8aG8tLSI=
91,70,qiW3QFbdhdsPBRM/wWzdAZAOo90=,8+/seRlVFot72NS1//x8aG8tLSI=
90,76,qiW3QFbdhdsPBRM/wWzdAZAOo90=,8+/seRlVFot72NS1//x8aG8tLSI=
90,77,qiW3QFbdhdsPBRM/wWzdAZAOo90=,8+/seRlVFot72NS1//x8aG8tLSI=
90,71,qiW3QFbdhdsPBRM/wWzdAZAOo90=,8+/seRlVFot72NS1//x8aG8tLSI=
86,77,qiW3QFbdhdsPBRM/wWzdAZAOo90=,8+/seRlVFot72NS1//x8aG8tLSI=
87,77,qiW3QFbdhdsPBRM/wWzdAZAOo90=,8+/seRlVFot72NS1//x8aG8tLSI=
85,65,qiW3QFbdhdsPBRM/wWzdAZAOo90=,8+/seRlVFot72NS1//x8aG8tLSI=
85,64,qiW3QFbdhdsPBRM/wWzdAZAOo90=,8+/seRlVFot72NS1//x8aG8tLSI=
91,71,qiW3QFbdhdsPBRM/wWzdAZAOo90=,8+/seRlVFot72NS1//x8aG8tLSI=
90,66,qiW3QFbdhdsPBRM/wWzdAZAOo90=,8+/seRlVFot72NS1//x8aG8tLSI=
91,77,qiW3QFbdhdsPBRM/wWzdAZAOo90=,8+/seRlVFot72NS1//x8aG8tLSI=
87,76,qiW3QFbdhdsPBRM/wWzdAZAOo90=,8+/seRlVFot72NS1//x8aG8tLSI=
86,76,qiW3QFbdhdsPBRM/wWzdAZAOo90=,8+/seRlVFot72NS1//x8aG8tLSI=
91,76,qiW3QFbdhdsPBRM/wWzdAZAOo90=,8+/seRlVFot72NS1//x8aG8tLSI=
86,70,P0m2WvjM6gx530LGLI2SRa/P9cc=,HVbsIxU6P5AaTHMGbJ6alPKUwqo=
87,70,paeTptWQ+gC7ATGn899/+Om6yGw=,HVbsIxU6P5AaTHMGbJ6alPKUwqo=
80,68,P0m2WvjM6gx530LGLI2SRa/P9cc=,drOLpL5GDe0ADCZ8/EbqwJpnVy4=
81,68,P0m2WvjM6gx530LGLI2SRa/P9cc=,drOLpL5GDe0ADCZ8/EbqwJpnVy4=
82,67,P0m2WvjM6gx530LGLI2SRa/P9cc=,SUp1QRafiOD1j8DG4UaWADgVW6w=
82,68,P0m2WvjM6gx530LGLI2SRa/P9cc=,Zagf19zYwIIDn6ujtrGQIOYhR1Y=
82,70,paeTptWQ+gC7ATGn899/+Om6yGw=,S4yiCItpj4P9VyTbtZoOLihrNuQ=
80,70,P0m2WvjM6gx530LGLI2SRa/P9cc=,804zt5Z6HoisGz/XyvDxOJqlyFw=
82,72,paeTptWQ+gC7ATGn899/+Om6yGw=,PhJaWaCdbdJLYM5ydw3cPvtRSBk=
80,71,P0m2WvjM6gx530LGLI2SRa/P9cc=,804zt5Z6HoisGz/XyvDxOJqlyFw=
82,71,paeTptWQ+gC7ATGn899/+Om6yGw=,S4yiCItpj4P9VyTbtZoOLihrNuQ=
80,69,P0m2WvjM6gx530LGLI2SRa/P9cc=,drOLpL5GDe0ADCZ8/EbqwJpnVy4=
80,72,P0m2WvjM6gx530LGLI2SRa/P9cc=,r3q611e8kjkQoJVlWOHqndQKbPU=
81,72,paeTptWQ+gC7ATGn899/+Om6yGw=,r3q611e8kjkQoJVlWOHqndQKbPU=
82,69,paeTptWQ+gC7ATGn899/+Om6yGw=,Zagf19zYwIIDn6ujtrGQIOYhR1Y=
81,69,paeTptWQ+gC7ATGn899/+Om6yGw=,drOLpL5GDe0ADCZ8/EbqwJpnVy4=
81,71,paeTptWQ+gC7ATGn899/+Om6yGw=,804zt5Z6HoisGz/XyvDxOJqlyFw=
81,70,paeTptWQ+gC7ATGn899/+Om6yGw=,804zt5Z6HoisGz/XyvDxOJqlyFw=
65,71,A0rMW0kCPmczp9g3JjgTIJz8tcY=,HpZbV0MxD+pEbyKjaj62fcidD5M=
64,71,nIl8R/4f/MlnfVcaYDBA00A73Rk=,HpZbV0MxD+pEbyKjaj62fcidD5M=
65,70,nIl8R/4f/MlnfVcaYDBA00A73Rk=,HpZbV0MxD+pEbyKjaj62fcidD5M=
64,70,nIl8R/4f/MlnfVcaYDBA00A73Rk=,HpZbV0MxD+pEbyKjaj62fcidD5M=
68,70,nIl8R/4f/MlnfVcaYDBA00A73Rk=,HpZbV0MxD+pEbyKjaj62fcidD5M=
68,71,nIl8R/4f/MlnfVcaYDBA00A73Rk=,HpZbV0MxD+pEbyKjaj62fcidD5M=
69,70,nIl8R/4f/MlnfVcaYDBA00A73Rk=,HpZbV0MxD+pEbyKjaj62fcidD5M=
69,71,nIl8R/4f/MlnfVcaYDBA00A73Rk=,HpZbV0MxD+pEbyKjaj62fcidD5M=
74,69,pxfGl0ahFmBNF4QYE5799N0WWP8=,mjbTiIG2h5AVyWHckSEV1NvRprw=
73,69,pxfGl0ahFmBNF4QYE5799N0WWP8=,HqmM3NQpBHFPdkMnzJWJyyrx0rg=
75,69,ZyJuLRKaDeK1oA9WUMSkLBA5OkE=,mjbTiIG2h5AVyWHckSEV1NvRprw=
76,69,ZyJuLRKaDeK1oA9WUMSkLBA5OkE=,M7XJTrvwEtRgxKkoXMyr1TASMfI=
74,68,ZyJuLRKaDeK1oA9WUMSkLBA5OkE=,mjbTiIG2h5AVyWHckSEV1NvRprw=
73,68,ZyJuLRKaDeK1oA9WUMSkLBA5OkE=,HqmM3NQpBHFPdkMnzJWJyyrx0rg=
75,68,ZyJuLRKaDeK1oA9WUMSkLBA5OkE=,mjbTiIG2h5AVyWHckSEV1NvRprw=
76,68,ZyJuLRKaDeK1oA9WUMSkLBA5OkE=,M7XJTrvwEtRgxKkoXMyr1TASMfI=
77,68,ZyJuLRKaDeK1oA9WUMSkLBA5OkE=,M7XJTrvwEtRgxKkoXMyr1TASMfI=
72,69,pxfGl0ahFmBNF4QYE5799N0WWP8=,HqmM3NQpBHFPdkMnzJWJyyrx0rg=
72,68,ZyJuLRKaDeK1oA9WUMSkLBA5OkE=,HqmM3NQpBHFPdkMnzJWJyyrx0rg=
77,69,ZyJuLRKaDeK1oA9WUMSkLBA5OkE=,M7XJTrvwEtRgxKkoXMyr1TASMfI=
71,69,pxfGl0ahFmBNF4QYE5799N0WWP8=,VWHxxeBg0/5PLBySZJ11nLyrNJU=
71,70,pxfGl0ahFmBNF4QYE5799N0WWP8=,sUIckclYl9uiOGnHAcQAwm2LUB4=
71,71,pxfGl0ahFmBNF4QYE5799N0WWP8=,sUIckclYl9uiOGnHAcQAwm2LUB4=
70,69,ZyJuLRKaDeK1oA9WUMSkLBA5OkE=,VWHxxeBg0/5PLBySZJ11nLyrNJU=
70,70,ZyJuLRKaDeK1oA9WUMSkLBA5OkE=,sUIckclYl9uiOGnHAcQAwm2LUB4=
70,71,ZyJuLRKaDeK1oA9WUMSkLBA5OkE=,sUIckclYl9uiOGnHAcQAwm2LUB4=
70,68,ZyJuLRKaDeK1oA9WUMSkLBA5OkE=,VWHxxeBg0/5PLBySZJ11nLyrNJU=
71,68,ZyJuLRKaDeK1oA9WUMSkLBA5OkE=,VWHxxeBg0/5PLBySZJ11nLyrNJU=
84,78,ZyJuLRKaDeK1oA9WUMSkLBA5OkE=,26/Lpcuub/jE21PlIJjVQ3/DcFw=
84,77,ZyJuLRKaDeK1oA9WUMSkLBA5OkE=,vJ212/yeDhG4ZTimYm410Cs2NBs=
88,70,paeTptWQ+gC7ATGn899/+Om6yGw=,MQ48IM4FHG6aqzTMFLSzndgsEVQ=
88,69,paeTptWQ+gC7ATGn899/+Om6yGw=,tn4k28YEbUv7IoLLgVk07Lvux0E=
87,69,paeTptWQ+gC7ATGn899/+Om6yGw=,eMh2Pa+NE1FSUxUtU8PrDyneu8g=
84,67,P0m2WvjM6gx530LGLI2SRa/P9cc=,gZLFlTvg+gnTc0bcwfdTEmYqR+c=
85,67,P0m2WvjM6gx530LGLI2SRa/P9cc=,gZLFlTvg+gnTc0bcwfdTEmYqR+c=
84,70,P0m2WvjM6gx530LGLI2SRa/P9cc=,AEpGcXomipoac6gqM61gVIwoLbo=
84,69,P0m2WvjM6gx530LGLI2SRa/P9cc=,j6hWYhFrJE9sS+uHxta3xiJs+IU=
85,70,P0m2WvjM6gx530LGLI2SRa/P9cc=,AEpGcXomipoac6gqM61gVIwoLbo=
84,68,P0m2WvjM6gx530LGLI2SRa/P9cc=,j6hWYhFrJE9sS+uHxta3xiJs+IU=
85,69,P0m2WvjM6gx530LGLI2SRa/P9cc=,j6hWYhFrJE9sS+uHxta3xiJs+IU=
86,68,P0m2WvjM6gx530LGLI2SRa/P9cc=,eMh2Pa+NE1FSUxUtU8PrDyneu8g=
85,68,P0m2WvjM6gx530LGLI2SRa/P9cc=,j6hWYhFrJE9sS+uHxta3xiJs+IU=
86,67,P0m2WvjM6gx530LGLI2SRa/P9cc=,cu3Zmc7mjgdD0/mNWbysB0c8LfM=
86,69,P0m2WvjM6gx530LGLI2SRa/P9cc=,eMh2Pa+NE1FSUxUtU8PrDyneu8g=
87,72,P0m2WvjM6gx530LGLI2SRa/P9cc=,XTsy/SuZHhY2h+2nYIessKnPNnw=
88,71,P0m2WvjM6gx530LGLI2SRa/P9cc=,MQ48IM4FHG6aqzTMFLSzndgsEVQ=
89,70,P0m2WvjM6gx530LGLI2SRa/P9cc=,MQ48IM4FHG6aqzTMFLSzndgsEVQ=
89,69,P0m2WvjM6gx530LGLI2SRa/P9cc=,tn4k28YEbUv7IoLLgVk07Lvux0E=
89,71,P0m2WvjM6gx530LGLI2SRa/P9cc=,MQ48IM4FHG6aqzTMFLSzndgsEVQ=
87,68,P0m2WvjM6gx530LGLI2SRa/P9cc=,eMh2Pa+NE1FSUxUtU8PrDyneu8g=
88,68,P0m2WvjM6gx530LGLI2SRa/P9cc=,tn4k28YEbUv7IoLLgVk07Lvux0E=
87,67,P0m2WvjM6gx530LGLI2SRa/P9cc=,cu3Zmc7mjgdD0/mNWbysB0c8LfM=
88,67,P0m2WvjM6gx530LGLI2SRa/P9cc=,wA6sY5f36TlRTAIyxbD3ylHiCnY=
89,68,P0m2WvjM6gx530LGLI2SRa/P9cc=,tn4k28YEbUv7IoLLgVk07Lvux0E=
89,67,P0m2WvjM6gx530LGLI2SRa/P9cc=,wA6sY5f36TlRTAIyxbD3ylHiCnY=
87,74,P0m2WvjM6gx530LGLI2SRa/P9cc=,/l04SZexE1OB3MuD4jFbUUVH8Qc=
87,75,P0m2WvjM6gx530LGLI2SRa/P9cc=,/l04SZexE1OB3MuD4jFbUUVH8Qc=
87,73,P0m2WvjM6gx530LGLI2SRa/P9cc=,XTsy/SuZHhY2h+2nYIessKnPNnw=
84,76,P0m2WvjM6gx530LGLI2SRa/P9cc=,vJ212/yeDhG4ZTimYm410Cs2NBs=
84,75,P0m2WvjM6gx530LGLI2SRa/P9cc=,nZBJ4aaXoHnw5AVhnOCqizjgtYM=
86,75,P0m2WvjM6gx530LGLI2SRa/P9cc=,/l04SZexE1OB3MuD4jFbUUVH8Qc=
85,76,P0m2WvjM6gx530LGLI2SRa/P9cc=,vJ212/yeDhG4ZTimYm410Cs2NBs=
85,75,P0m2WvjM6gx530LGLI2SRa/P9cc=,nZBJ4aaXoHnw5AVhnOCqizjgtYM=
84,73,P0m2WvjM6gx530LGLI2SRa/P9cc=,7ciO/OaCMYCDBZpa0On3il7wbek=
84,71,P0m2WvjM6gx530LGLI2SRa/P9cc=,AEpGcXomipoac6gqM61gVIwoLbo=
87,66,P0m2WvjM6gx530LGLI2SRa/P9cc=,cu3Zmc7mjgdD0/mNWbysB0c8LfM=
88,66,P0m2WvjM6gx530LGLI2SRa/P9cc=,wA6sY5f36TlRTAIyxbD3ylHiCnY=
89,66,P0m2WvjM6gx530LGLI2SRa/P9cc=,wA6sY5f36TlRTAIyxbD3ylHiCnY=
84,66,P0m2WvjM6gx530LGLI2SRa/P9cc=,gZLFlTvg+gnTc0bcwfdTEmYqR+c=
85,66,P0m2WvjM6gx530LGLI2SRa/P9cc=,gZLFlTvg+gnTc0bcwfdTEmYqR+c=
86,66,P0m2WvjM6gx530LGLI2SRa/P9cc=,cu3Zmc7mjgdD0/mNWbysB0c8LfM=
85,77,P0m2WvjM6gx530LGLI2SRa/P9cc=,vJ212/yeDhG4ZTimYm410Cs2NBs=
84,79,P0m2WvjM6gx530LGLI2SRa/P9cc=,26/Lpcuub/jE21PlIJjVQ3/DcFw=
85,73,P0m2WvjM6gx530LGLI2SRa/P9cc=,7ciO/OaCMYCDBZpa0On3il7wbek=
85,78,P0m2WvjM6gx530LGLI2SRa/P9cc=,26/Lpcuub/jE21PlIJjVQ3/DcFw=
85,79,P0m2WvjM6gx530LGLI2SRa/P9cc=,26/Lpcuub/jE21PlIJjVQ3/DcFw=
85,71,P0m2WvjM6gx530LGLI2SRa/P9cc=,AEpGcXomipoac6gqM61gVIwoLbo=
86,73,P0m2WvjM6gx530LGLI2SRa/P9cc=,XTsy/SuZHhY2h+2nYIessKnPNnw=
86,72,P0m2WvjM6gx530LGLI2SRa/P9cc=,XTsy/SuZHhY2h+2nYIessKnPNnw=
85,74,P0m2WvjM6gx530LGLI2SRa/P9cc=,nZBJ4aaXoHnw5AVhnOCqizjgtYM=
86,74,P0m2WvjM6gx530LGLI2SRa/P9cc=,/l04SZexE1OB3MuD4jFbUUVH8Qc=
85,72,P0m2WvjM6gx530LGLI2SRa/P9cc=,7ciO/OaCMYCDBZpa0On3il7wbek=
84,72,P0m2WvjM6gx530LGLI2SRa/P9cc=,7ciO/OaCMYCDBZpa0On3il7wbek=
84,74,P0m2WvjM6gx530LGLI2SRa/P9cc=,nZBJ4aaXoHnw5AVhnOCqizjgtYM=
